firm,month,const,firmsize,treated,shrimp,salmon,bycatch,treatgroup
1.0,1,1.0,15.0,0,141549.7395434114,233920.106237188,258590.7540920096,0.0
1.0,2,1.0,15.0,0,134325.07377680377,234200.42560375863,251499.39137443705,0.0
1.0,3,1.0,15.0,0,139408.53704336038,234390.03773507412,256656.99934472545,0.0
1.0,4,1.0,15.0,0,137089.64062184343,233701.9795738324,253999.2687928808,0.0
1.0,5,1.0,15.0,0,139124.96415995926,233756.44924548097,256069.28118255205,0.0
1.0,6,1.0,15.0,0,138326.70151840465,234638.39357142805,255716.06899566305,0.0
1.0,7,1.0,15.0,0,143985.95902927013,233787.71296967144,260952.78661830525,0.0
1.0,8,1.0,15.0,0,141767.65525969374,234666.5643137112,259168.50971425895,0.0
1.0,9,1.0,15.0,0,136637.21895349602,234993.41131963785,254205.3930031164,0.0
1.0,10,1.0,15.0,0,134412.74520691452,234892.2786147331,251924.56697924237,0.0
1.0,11,1.0,15.0,0,139975.16325466565,235182.4824088116,257627.4711123253,0.0
1.0,12,1.0,15.0,0,133200.07082967213,235217.5695958777,250882.7512096983,0.0
1.0,13,1.0,15.0,0,141131.15174768382,235147.48855658167,258765.37167623444,0.0
1.0,14,1.0,15.0,0,141069.79445016614,235772.21020479823,259029.54817776824,0.0
1.0,15,1.0,15.0,0,143796.94229804445,235340.8595296863,261532.11612969515,0.0
1.0,16,1.0,15.0,0,135799.34058089845,235780.79948119092,253762.494670624,0.0
1.0,17,1.0,15.0,0,142769.51173795437,235496.830335078,260595.61454720903,0.0
1.0,18,1.0,15.0,0,140787.74905510098,236267.66964557057,258999.0057814486,0.0
1.0,19,1.0,15.0,0,145690.8014812314,235710.93000344865,263622.10266642744,0.0
1.0,20,1.0,15.0,0,137487.97429530002,236922.63876997604,256028.31695562293,0.0
1.0,21,1.0,15.0,0,144010.82310006538,236684.20957295084,262420.4609714881,0.0
1.0,22,1.0,15.0,0,139557.95168316975,236468.88578439687,257854.12443244416,0.0
1.0,23,1.0,15.0,0,145642.88953778727,237427.6786494103,264424.3949632156,0.0
1.0,24,1.0,15.0,0,143973.6943529111,236743.686753521,262402.54442963446,0.0
2.0,1,1.0,4.0,0,31602.935851438717,62081.67581102113,62770.883309420446,0.0
2.0,2,1.0,4.0,0,33156.70955620103,62242.50398404396,64408.288580533605,0.0
2.0,3,1.0,4.0,0,30269.226226701696,62019.605264190846,61419.54368520356,0.0
2.0,4,1.0,4.0,0,31556.5080240035,62238.17999602604,62815.44032876516,0.0
2.0,5,1.0,4.0,0,32358.86556594273,62262.38467944908,63606.64228909634,0.0
2.0,6,1.0,4.0,0,32991.730934222265,62334.74831600181,64309.025816873735,0.0
2.0,7,1.0,4.0,0,33857.46406264278,62470.75831957038,65224.63496476039,0.0
2.0,8,1.0,4.0,0,33865.99124817496,62616.30826614575,65325.524821461,0.0
2.0,9,1.0,4.0,0,32241.819902406005,62584.58527595161,63675.70122355023,0.0
2.0,10,1.0,4.0,0,31730.96112848209,62714.379389419206,63217.43690671795,0.0
2.0,11,1.0,4.0,0,32272.940355162234,62783.95918935298,63806.61444118068,0.0
2.0,12,1.0,4.0,0,32886.714727343766,62752.25861482196,64400.01639934311,0.0
2.0,13,1.0,4.0,0,32819.12200531951,62535.68347388704,64229.49302742836,0.0
2.0,14,1.0,4.0,0,34095.24261569606,63047.52274594461,65756.26919693929,0.0
2.0,15,1.0,4.0,0,32956.72946204888,62860.19857434684,64523.37574233391,0.0
2.0,16,1.0,4.0,0,33391.009668224426,63045.94551102012,65037.68517370134,0.0
2.0,17,1.0,4.0,0,33485.0244096417,62892.12293867153,65055.48337121438,0.0
2.0,18,1.0,4.0,0,31787.66856695682,62958.34240183323,63394.07315076344,0.0
2.0,19,1.0,4.0,0,32657.78171212509,63180.27866925543,64377.25270655523,0.0
2.0,20,1.0,4.0,0,33475.01296939071,63091.38962483254,65145.167505050056,0.0
2.0,21,1.0,4.0,0,31538.435176158506,63499.98812544352,63435.46762988225,0.0
2.0,22,1.0,4.0,0,33740.53476582917,63339.34998100749,65534.71309379874,0.0
2.0,23,1.0,4.0,0,35711.05890783498,63477.87362037903,67586.05276899564,0.0
2.0,24,1.0,4.0,0,34460.25861383144,63363.22517373635,66276.71836113695,0.0
3.0,1,1.0,13.0,0,120138.57929729506,190780.38629727735,215556.64461577885,0.0
3.0,2,1.0,13.0,0,116622.9833716612,191146.15638715707,212237.8506584918,0.0
3.0,3,1.0,13.0,0,116040.81862451832,190901.17669393547,211510.89713062477,0.0
3.0,4,1.0,13.0,0,109120.56284759578,192107.7120600314,205195.20658770323,0.0
3.0,5,1.0,13.0,0,112038.89446381446,191614.8974062109,207865.0931236529,0.0
3.0,6,1.0,13.0,0,118470.7474548724,192376.45882318928,214678.05583194384,0.0
3.0,7,1.0,13.0,0,121278.78287498008,191571.5400511429,217092.71273579163,0.0
3.0,8,1.0,13.0,0,114131.485224012,192463.91591524644,210367.0794422408,0.0
3.0,9,1.0,13.0,0,119539.23815014891,192312.16138867743,215721.33385256623,0.0
3.0,10,1.0,13.0,0,116251.22857190476,192190.0570923969,212354.34192618696,0.0
3.0,11,1.0,13.0,0,118662.89087446174,192616.9713639371,215005.3217913141,0.0
3.0,12,1.0,13.0,0,115319.97563586698,192723.27048056156,211708.53733171447,0.0
3.0,13,1.0,13.0,0,113535.0119212062,192189.5709790268,209667.88672274537,0.0
3.0,14,1.0,13.0,0,117539.36453332454,193170.4362216015,214149.538450317,0.0
3.0,15,1.0,13.0,0,115158.2596614181,192561.00016992568,211475.27587426436,0.0
3.0,16,1.0,13.0,0,118456.89251958218,193439.9539257917,215215.7118781244,0.0
3.0,17,1.0,13.0,0,118379.42071065298,193302.03780002505,215052.65210794043,0.0
3.0,18,1.0,13.0,0,115575.31470921903,193783.40071570344,212491.74284235825,0.0
3.0,19,1.0,13.0,0,112674.29747075788,193088.55064911323,209245.1505707968,0.0
3.0,20,1.0,13.0,0,114789.778328527,193548.47997874176,211594.01229428023,0.0
3.0,21,1.0,13.0,0,116854.54758294144,193774.6212163369,213787.2980839994,0.0
3.0,22,1.0,13.0,0,119698.70128668495,194264.61239608805,216854.23558046672,0.0
3.0,23,1.0,13.0,0,122320.36616923638,193508.31802512635,219106.49788408005,0.0
3.0,24,1.0,13.0,0,118534.69480985632,193532.08568704504,215331.24280736464,0.0
4.0,1,1.0,7.0,0,63118.19160155645,105396.00857529264,115988.9450945951,1.0
4.0,2,1.0,7.0,0,63648.39967512324,105261.53860710548,116428.64509363016,1.0
4.0,3,1.0,7.0,0,61308.85969880882,105339.42990902589,114153.4661302363,1.0
4.0,4,1.0,7.0,0,64191.59543553468,105713.53762042071,117219.480448316,1.0
4.0,5,1.0,7.0,0,63379.163819909,105545.3483256795,116306.29626743948,1.0
4.0,6,1.0,7.0,0,62006.249257040974,105936.24595651166,115138.94862579224,1.0
4.0,7,1.0,7.0,0,62633.67943121168,106043.565573829,115814.06891136031,1.0
4.0,8,1.0,7.0,0,60970.52432052642,106143.99958658416,114222.21878625038,1.0
4.0,9,1.0,7.0,0,65450.73839485972,106194.39773469334,118724.97435208136,1.0
4.0,10,1.0,7.0,0,63441.61789677163,106237.8907181417,116734.54666676464,1.0
4.0,11,1.0,7.0,0,64455.09289190296,106548.56011926151,117921.1136332105,1.0
4.0,12,1.0,7.0,0,62989.30932522396,106425.04982137094,116380.18795615996,1.0
4.0,13,1.0,7.0,1,63810.13229607682,106340.5221398982,117148.62276424417,1.0
4.0,14,1.0,7.0,1,64965.3288088953,106539.632607167,118401.72581802374,1.0
4.0,15,1.0,7.0,1,62194.84308042043,106889.2904538463,115808.10662497664,1.0
4.0,16,1.0,7.0,1,64957.48137661318,106970.84637865829,118627.07080120334,1.0
4.0,17,1.0,7.0,1,65736.21247908821,106865.49733514656,119334.42134160004,1.0
4.0,18,1.0,7.0,1,62944.52479521047,107056.11021964898,116645.23940790063,1.0
4.0,19,1.0,7.0,1,64001.521634408455,106758.77353702854,117543.97475644342,1.0
4.0,20,1.0,7.0,1,65010.08365146301,106785.03965669563,118585.1169547622,1.0
4.0,21,1.0,7.0,1,65314.976160999744,106889.55577754896,118935.63379563452,1.0
4.0,22,1.0,7.0,1,65462.31893820263,106976.26056020216,119116.9653365192,1.0
4.0,23,1.0,7.0,1,63405.78053212487,107483.17675739776,117299.85727250848,1.0
4.0,24,1.0,7.0,1,67843.74510896104,107272.48337403112,121644.67410349388,1.0
5.0,1,1.0,13.0,0,69647.19632514821,201627.1641766882,170494.0889970403,1.0
5.0,2,1.0,13.0,0,69514.57504904272,201824.22489745883,170437.21076359585,1.0
5.0,3,1.0,13.0,0,70000.00115202865,201316.5020577732,170705.00191337298,1.0
5.0,4,1.0,13.0,0,75534.0407394068,202148.6126991075,176645.41206838706,1.0
5.0,5,1.0,13.0,0,73081.73589535448,201986.03460385496,174117.08867462457,1.0
5.0,6,1.0,13.0,0,64801.10216782955,202643.50872893425,166170.59660172535,1.0
5.0,7,1.0,13.0,0,69407.59789053186,202419.96798770496,170640.90726042847,1.0
5.0,8,1.0,13.0,0,64475.86180852465,202817.67641033288,165922.9602458161,1.0
5.0,9,1.0,13.0,0,66405.29137017725,202809.95314701227,167844.48024751327,1.0
5.0,10,1.0,13.0,0,72572.57748478065,202219.32084076112,173716.5830500991,1.0
5.0,11,1.0,13.0,0,63950.10471203363,203704.920940553,165843.55586865934,1.0
5.0,12,1.0,13.0,0,71792.08919700356,202822.3338406744,173246.72149980982,1.0
5.0,13,1.0,13.0,1,66401.93007758162,203580.64004095955,168197.8156501789,1.0
5.0,14,1.0,13.0,1,76010.2172855042,203908.76538039945,177988.26514314683,1.0
5.0,15,1.0,13.0,1,73420.51194537645,203810.00475638112,175358.51142076103,1.0
5.0,16,1.0,13.0,1,76642.71892641841,203607.3340988521,178486.3941180238,1.0
5.0,17,1.0,13.0,1,71649.33649509419,204148.37616617745,173754.15447444338,1.0
5.0,18,1.0,13.0,1,74910.40457580927,204212.78259464703,177044.31593918757,1.0
5.0,19,1.0,13.0,1,77192.92830277173,204683.2885883448,179561.3389863058,1.0
5.0,20,1.0,13.0,1,69277.8252985277,204372.53081445183,171491.20022472244,1.0
5.0,21,1.0,13.0,1,71096.00723118066,204462.5693738301,173365.49552909075,1.0
5.0,22,1.0,13.0,1,72567.66041669981,205339.1603451243,175270.52572299578,1.0
5.0,23,1.0,13.0,1,71315.84208890103,204851.2695505249,173767.88837836758,1.0
5.0,24,1.0,13.0,1,73955.9518620871,204801.49038320765,176373.86413748658,1.0
6.0,1,1.0,14.0,0,88901.95587143539,210430.19429009457,194163.05286056863,0.0
6.0,2,1.0,14.0,0,91455.33332925984,209047.37616765132,196038.1577500864,0.0
6.0,3,1.0,14.0,0,95370.8593372116,209296.6219935775,200065.8414075449,0.0
6.0,4,1.0,14.0,0,93487.95790181575,210000.05137514055,198539.69221890465,0.0
6.0,5,1.0,14.0,0,87395.86781038642,209346.1118078156,192109.0657667251,0.0
6.0,6,1.0,14.0,0,89603.27219644614,210113.32144584405,194740.87730811507,0.0
6.0,7,1.0,14.0,0,90996.56581792809,210356.85197679373,196226.08494095597,0.0
6.0,8,1.0,14.0,0,84759.8243418935,209951.859559176,189792.1319641944,0.0
6.0,9,1.0,14.0,0,88511.03434201288,210972.75084664283,194045.4280352416,0.0
6.0,10,1.0,14.0,0,92859.86275928418,210905.04690144336,198367.5751625405,0.0
6.0,11,1.0,14.0,0,86318.45217353952,210361.67143594785,191568.590457395,0.0
6.0,12,1.0,14.0,0,92956.86440338344,210632.94974697748,198324.43897228024,0.0
6.0,13,1.0,14.0,0,95779.6040054168,210387.41542068616,201030.6582858857,0.0
6.0,14,1.0,14.0,0,91536.7521947978,211177.36087316103,197188.9502721632,0.0
6.0,15,1.0,14.0,0,90562.57619702132,210682.61157710355,195962.47169545485,0.0
6.0,16,1.0,14.0,0,92218.86780071157,211440.43312898136,198006.37786110264,0.0
6.0,17,1.0,14.0,0,94711.28883209892,211479.098951399,200506.95745023937,0.0
6.0,18,1.0,14.0,0,88564.91378184383,211838.259547208,194523.49409596363,0.0
6.0,19,1.0,14.0,0,90971.15926744103,211945.7035516989,197002.5232580768,0.0
6.0,20,1.0,14.0,0,90465.10059809702,211943.45440704827,196492.2070636742,0.0
6.0,21,1.0,14.0,0,92966.80117861649,211741.166721296,198895.02855866653,0.0
6.0,22,1.0,14.0,0,94418.97744176138,211936.68173928015,200456.03849659205,0.0
6.0,23,1.0,14.0,0,93207.99872882148,211546.77572004969,199034.81435025344,0.0
6.0,24,1.0,14.0,0,94765.64059870529,211852.8122355178,200758.49644693756,0.0
7.0,1,1.0,2.0,0,12648.48013651954,30503.709250623226,28049.706993129334,0.0
7.0,2,1.0,2.0,0,12699.614287271432,30457.62277036111,28091.3994447162,0.0
7.0,3,1.0,2.0,0,12794.632979846794,30614.82015134289,28256.931580328448,0.0
7.0,4,1.0,2.0,0,12741.782143847571,30559.157602434927,28169.76813483969,0.0
7.0,5,1.0,2.0,0,12552.55238630728,30735.112358585007,28073.093315332317,0.0
7.0,6,1.0,2.0,0,13100.316982519354,30667.29077515792,28611.58178223807,0.0
7.0,7,1.0,2.0,0,13296.094927747983,30723.02572701487,28817.385401552827,0.0
7.0,8,1.0,2.0,0,12119.603183695905,30694.474489728826,27621.038074814045,0.0
7.0,9,1.0,2.0,0,13256.70113892306,30787.013230092543,28802.693878039627,0.0
7.0,10,1.0,2.0,0,13660.520156050976,30688.382063603385,29162.94352209981,0.0
7.0,11,1.0,2.0,0,13167.083174801352,30797.905369196986,28732.31168511294,0.0
7.0,12,1.0,2.0,0,13127.322043352293,30750.76655989685,28674.379087798174,0.0
7.0,13,1.0,2.0,0,13690.39655590918,30826.873170397088,29255.753641819512,0.0
7.0,14,1.0,2.0,0,12688.56831401512,30986.134170109395,28346.20080493351,0.0
7.0,15,1.0,2.0,0,13099.037824975372,30871.80985547191,28688.72461381897,0.0
7.0,16,1.0,2.0,0,13358.492802341778,30895.667444541603,28970.335380161825,0.0
7.0,17,1.0,2.0,0,13681.663394667808,30903.446740934283,29292.71879712805,0.0
7.0,18,1.0,2.0,0,13401.173115631873,30903.37235696124,29010.995753321706,0.0
7.0,19,1.0,2.0,0,13019.704728356335,30935.638388516625,28639.41756088166,0.0
7.0,20,1.0,2.0,0,14556.432728291396,30956.87650103479,30191.60509317147,0.0
7.0,21,1.0,2.0,0,13278.196807041557,31030.970531552925,28954.4477877265,0.0
7.0,22,1.0,2.0,0,14148.558972203142,30995.389628066918,29811.723727467477,0.0
7.0,23,1.0,2.0,0,12977.672256772004,31109.091157866427,28692.83772080665,0.0
7.0,24,1.0,2.0,0,13169.823114725345,31072.50690368818,28850.416173271395,0.0
8.0,1,1.0,11.0,0,72608.97155060233,169786.43977045562,157603.66739451987,0.0
8.0,2,1.0,11.0,0,77897.62651371455,170294.06637779038,163129.68296777937,0.0
8.0,3,1.0,11.0,0,75125.42906820717,170286.5387784986,160360.3147517345,0.0
8.0,4,1.0,11.0,0,72040.06356280594,170801.174936368,157545.13556929183,0.0
8.0,5,1.0,11.0,0,76967.34631029233,170954.66906744282,162551.73410655122,0.0
8.0,6,1.0,11.0,0,78474.05030889645,171174.64874534932,164159.23808907933,0.0
8.0,7,1.0,11.0,0,75937.96101981225,171545.90419480327,161816.91033024198,0.0
8.0,8,1.0,11.0,0,79053.73876009409,170726.30028743786,164515.90540431073,0.0
8.0,9,1.0,11.0,0,72232.86222399681,172024.83513416306,158355.60207843842,0.0
8.0,10,1.0,11.0,0,77313.35544357222,171362.7833582114,163104.48926424983,0.0
8.0,11,1.0,11.0,0,82791.84622402335,172339.3905889094,169072.64524955084,0.0
8.0,12,1.0,11.0,0,80093.51772946671,171917.47024919445,166146.1125031135,0.0
8.0,13,1.0,11.0,0,76702.64871991232,172044.05267262628,162840.9050811156,0.0
8.0,14,1.0,11.0,0,75772.0422653586,171845.00405740118,161790.01406478346,0.0
8.0,15,1.0,11.0,0,75215.74720600255,171911.196778742,161255.01988722789,0.0
8.0,16,1.0,11.0,0,74512.05162311415,172166.20832309304,160701.0119438894,0.0
8.0,17,1.0,11.0,0,76099.67524152053,171851.60319834505,162123.26728972807,0.0
8.0,18,1.0,11.0,0,79192.13763366715,172110.53254744658,165350.84156341312,0.0
8.0,19,1.0,11.0,0,78296.42494622151,173317.33502066403,165068.5187532115,0.0
8.0,20,1.0,11.0,0,80574.18825868709,172562.60863854658,166954.13174300035,0.0
8.0,21,1.0,11.0,0,76676.10232158977,172962.12792684304,163267.88291398648,0.0
8.0,22,1.0,11.0,0,79222.28127102256,173503.357379046,166085.97231032353,0.0
8.0,23,1.0,11.0,0,78728.94564742752,173075.80827940008,165350.30164153452,0.0
8.0,24,1.0,11.0,0,75895.28682463852,173372.02420732303,162683.12620358073,0.0
9.0,1,1.0,9.0,0,64671.16852529752,138541.21142884056,134030.23191292674,1.0
9.0,2,1.0,9.0,0,69222.3830748477,138388.40716291216,138514.47635084845,1.0
9.0,3,1.0,9.0,0,67323.5685387871,138048.94962000966,136432.94229150488,1.0
9.0,4,1.0,9.0,0,66234.56914397136,138363.66431975586,135507.7569011151,1.0
9.0,5,1.0,9.0,0,69354.24114813836,138636.4123591187,138763.98182897066,1.0
9.0,6,1.0,9.0,0,69170.6454484191,138775.62062478127,138654.05468616958,1.0
9.0,7,1.0,9.0,0,66802.05334721987,138852.93514425226,136333.88533840072,1.0
9.0,8,1.0,9.0,0,70209.93267585096,138889.01460111933,139757.14849353305,1.0
9.0,9,1.0,9.0,0,65849.4179878431,139295.51281120302,135592.50825408642,1.0
9.0,10,1.0,9.0,0,69840.0684415707,139258.26247813203,139549.98435438704,1.0
9.0,11,1.0,9.0,0,70559.1215961798,139262.91182218268,140307.86426852262,1.0
9.0,12,1.0,9.0,0,69617.93615719849,139814.42395285863,139606.8187695952,1.0
9.0,13,1.0,9.0,1,69324.68212852505,139280.72158257067,139046.92767779887,1.0
9.0,14,1.0,9.0,1,68266.00902350958,139909.45612493914,138300.7459357004,1.0
9.0,15,1.0,9.0,1,71595.1300638434,139546.69481305828,141459.2393514619,1.0
9.0,16,1.0,9.0,1,67941.62818891481,139778.79765669693,137907.8735823853,1.0
9.0,17,1.0,9.0,1,72167.91457509274,140099.5788926705,142312.39501191743,1.0
9.0,18,1.0,9.0,1,69025.96644688434,140250.19879862625,139245.1223219249,1.0
9.0,19,1.0,9.0,1,71336.98481218051,140271.54156888236,141559.1626864184,1.0
9.0,20,1.0,9.0,1,71532.09699338101,140315.10276467688,141784.82875745514,1.0
9.0,21,1.0,9.0,1,67869.50769572145,140239.21284513394,138084.125417557,1.0
9.0,22,1.0,9.0,1,70751.79806796685,140326.80565442157,141003.87967987254,1.0
9.0,23,1.0,9.0,1,67870.52706242831,140445.4331758991,138201.6369068721,1.0
9.0,24,1.0,9.0,1,72149.25283029779,140228.68156569754,142359.66692917328,1.0
10.0,1,1.0,11.0,0,71602.74431774931,167131.20023785622,155295.6789437604,1.0
10.0,2,1.0,11.0,0,69545.46988691283,167529.08179798114,153424.91130490912,1.0
10.0,3,1.0,11.0,0,70278.49153233394,167189.61913609074,154006.18127340748,1.0
10.0,4,1.0,11.0,0,66298.06900604228,167890.62090031803,150382.03573684063,1.0
10.0,5,1.0,11.0,0,69024.9513939534,168543.027990037,153423.80148823385,1.0
10.0,6,1.0,11.0,0,70025.1031317588,168244.65500708317,154263.6011219469,1.0
10.0,7,1.0,11.0,0,69180.63960677896,168218.52243534918,153404.7241765327,1.0
10.0,8,1.0,11.0,0,67477.98015350348,169029.00328651915,152127.9562871789,1.0
10.0,9,1.0,11.0,0,63259.5878427359,168163.4059424568,147463.31546843614,1.0
10.0,10,1.0,11.0,0,69323.88290408607,168120.51406074723,153505.19251227705,1.0
10.0,11,1.0,11.0,0,71654.65333708555,168291.39650318757,155924.547373513,1.0
10.0,12,1.0,11.0,0,72760.9700030954,168812.59068581092,157265.06482228727,1.0
10.0,13,1.0,11.0,1,70042.51108977693,168704.1177440236,154510.26941796238,1.0
10.0,14,1.0,11.0,1,73955.66889829162,168588.5083290835,158363.42075527948,1.0
10.0,15,1.0,11.0,1,68937.77141872408,169374.93789609647,153745.44407375297,1.0
10.0,16,1.0,11.0,1,73913.54925699614,169654.65269422077,158875.03230463943,1.0
10.0,17,1.0,11.0,1,71745.54559032174,169220.7712172322,156476.77416650986,1.0
10.0,18,1.0,11.0,1,69579.8053004911,169990.47571871066,154697.02371563716,1.0
10.0,19,1.0,11.0,1,74052.86710327188,169146.25267934485,158740.66253898243,1.0
10.0,20,1.0,11.0,1,73746.86749864477,169987.71910521714,158850.35095561424,1.0
10.0,21,1.0,11.0,1,74807.66898947788,169882.65645788022,159868.0312936107,1.0
10.0,22,1.0,11.0,1,77222.54329908568,170224.7523944691,162460.29541073582,1.0
10.0,23,1.0,11.0,1,69937.920594954,170237.49157515878,155179.5645790759,1.0
10.0,24,1.0,11.0,1,73453.72629423933,170583.53099828796,158874.85901081332,1.0
11.0,1,1.0,7.0,0,46207.28508455242,104455.38665939096,98555.18495431024,0.0
11.0,2,1.0,7.0,0,46824.22909031912,104452.21789737948,99192.76867350674,0.0
11.0,3,1.0,7.0,0,46068.53127304375,104672.5614684922,98535.23669145266,0.0
11.0,4,1.0,7.0,0,48141.12686776821,104322.14856512863,100427.63997301713,0.0
11.0,5,1.0,7.0,0,48272.99018925087,104781.2444457114,100793.9130739839,0.0
11.0,6,1.0,7.0,0,46219.40212623287,104937.07475810056,98822.11792574928,0.0
11.0,7,1.0,7.0,0,46036.06486545281,104668.2710869795,98491.3639492107,0.0
11.0,8,1.0,7.0,0,48922.510485510655,104973.8839335074,101546.59860135184,0.0
11.0,9,1.0,7.0,0,46136.98407802574,104918.27414083174,98743.865117336,0.0
11.0,10,1.0,7.0,0,47125.40873016414,105081.80336861876,99795.55100882266,0.0
11.0,11,1.0,7.0,0,48840.75639467671,104825.08003789332,101386.2986122727,0.0
11.0,12,1.0,7.0,0,47951.45722323914,104918.26694253663,100525.73816925305,0.0
11.0,13,1.0,7.0,0,47394.47818069813,105068.55145051052,100056.80511231508,0.0
11.0,14,1.0,7.0,0,50382.0362468835,105103.9712764721,103074.53753215644,0.0
11.0,15,1.0,7.0,0,49866.695657787415,105233.08229977472,102621.42734931482,0.0
11.0,16,1.0,7.0,0,45070.46068021117,105084.54774427386,97746.742100328,0.0
11.0,17,1.0,7.0,0,48139.03189649081,105236.17272162066,100883.28537476272,0.0
11.0,18,1.0,7.0,0,48482.8707992144,105202.62177557942,101211.08748609672,0.0
11.0,19,1.0,7.0,0,48894.95989251308,104913.67129177273,101480.87326018012,0.0
11.0,20,1.0,7.0,0,49669.85693320577,105199.728371936,102387.66042146232,0.0
11.0,21,1.0,7.0,0,51453.15089716113,105554.57227646971,104372.70070449634,0.0
11.0,22,1.0,7.0,0,47365.18153964525,105657.14503694265,100345.9460911437,0.0
11.0,23,1.0,7.0,0,47384.154081827095,105797.08451978063,100411.3128868402,0.0
11.0,24,1.0,7.0,0,48209.76905802803,106050.58111142796,101389.05522675368,0.0
12.0,1,1.0,15.0,0,123564.28962552574,218311.7724610152,232878.0810880737,1.0
12.0,2,1.0,15.0,0,124225.64700747991,218587.3333991629,233663.6646157607,1.0
12.0,3,1.0,15.0,0,118748.7551497471,218513.33186307925,228135.81772838117,1.0
12.0,4,1.0,15.0,0,123754.0098463493,218659.59931442208,233231.79551371068,1.0
12.0,5,1.0,15.0,0,125824.85933685732,218562.7764513124,235263.5060907484,1.0
12.0,6,1.0,15.0,0,122982.64149907384,219626.3893802668,232931.91372834303,1.0
12.0,7,1.0,15.0,0,116117.76423256764,219155.14812029456,225851.14938147765,1.0
12.0,8,1.0,15.0,0,125914.36271735295,219289.8082166136,235712.89165939545,1.0
12.0,9,1.0,15.0,0,118883.18060141338,219949.1110047139,228990.54027595048,1.0
12.0,10,1.0,15.0,0,122957.23335149864,220054.10416085317,233115.595051976,1.0
12.0,11,1.0,15.0,0,130948.7882671462,220163.8799259681,241175.76539868,1.0
12.0,12,1.0,15.0,0,121749.58569033122,220215.01995426888,231997.24911026,1.0
12.0,13,1.0,15.0,1,129449.63091821318,220130.50193390125,239659.953800065,1.0
12.0,14,1.0,15.0,1,117961.91186690846,219681.1980476944,227954.11035214015,1.0
12.0,15,1.0,15.0,1,127937.24078695998,220562.98381363263,238381.12032274905,1.0
12.0,16,1.0,15.0,1,123169.0505979913,220642.1916002564,233629.1097319682,1.0
12.0,17,1.0,15.0,1,120847.09855299968,221097.05251166917,231542.4487838923,1.0
12.0,18,1.0,15.0,1,128202.33888878848,221301.2777871414,238985.27077533977,1.0
12.0,19,1.0,15.0,1,128415.37523712682,221796.50887935216,239456.6936527291,1.0
12.0,20,1.0,15.0,1,124307.54615858372,221205.9357552964,235050.5419665108,1.0
12.0,21,1.0,15.0,1,127415.56146800327,221069.4297297895,238099.28746784423,1.0
12.0,22,1.0,15.0,1,127428.80394063794,221764.6887517528,238456.001334224,1.0
12.0,23,1.0,15.0,1,128137.81207296511,220669.0190850712,238610.5031786881,1.0
12.0,24,1.0,15.0,1,128468.6953143248,222223.73131609903,239712.86583834628,1.0
13.0,1,1.0,11.0,0,94761.52528178388,174117.89592887682,182008.4102523061,1.0
13.0,2,1.0,11.0,0,92556.41470939267,174215.8390763425,179857.47291811422,1.0
13.0,3,1.0,11.0,0,92119.718859881,174442.7331943816,179528.24420971057,1.0
13.0,4,1.0,11.0,0,94011.27573893184,174614.31013540292,181511.72567538745,1.0
13.0,5,1.0,11.0,0,91012.56639443766,174039.67669625013,178244.94178688247,1.0
13.0,6,1.0,11.0,0,92454.13107232982,174747.69418949742,180016.3894475395,1.0
13.0,7,1.0,11.0,0,89620.75091606623,174670.48347321805,177138.1394948514,1.0
13.0,8,1.0,11.0,0,93339.06388004989,175519.41440063203,181315.1782469632,1.0
13.0,9,1.0,11.0,0,91903.53929166376,174943.43185044453,179569.05524674518,1.0
13.0,10,1.0,11.0,0,87164.75256475658,175271.33010823448,174998.18289263517,1.0
13.0,11,1.0,11.0,0,95105.4472419267,175267.4944317602,182962.7121334324,1.0
13.0,12,1.0,11.0,0,93443.71410747468,175405.0773960855,181344.782957279,1.0
13.0,13,1.0,11.0,1,95806.8051612024,175678.3741352773,183847.64169618997,1.0
13.0,14,1.0,11.0,1,95242.21559702596,176444.27654499892,183647.11595773697,1.0
13.0,15,1.0,11.0,1,92347.76572522004,175323.62488984625,180223.54799112864,1.0
13.0,16,1.0,11.0,1,93894.4362861073,176501.5036657875,182329.01477407495,1.0
13.0,17,1.0,11.0,1,92338.50633063028,175604.95938069152,180354.1644714711,1.0
13.0,18,1.0,11.0,1,93324.48472579122,176003.32314327787,181518.0224484548,1.0
13.0,19,1.0,11.0,1,93366.2202904368,176767.47832261093,181947.28203156387,1.0
13.0,20,1.0,11.0,1,96356.0729308229,176525.51922906013,184818.0438915393,1.0
13.0,21,1.0,11.0,1,93939.51039343343,177013.10049119935,182651.4101707101,1.0
13.0,22,1.0,11.0,1,95771.25884907036,176855.4526036372,184414.87277916964,1.0
13.0,23,1.0,11.0,1,93871.44139767592,177058.53303585158,182604.44358200429,1.0
13.0,24,1.0,11.0,1,97131.29771121668,177348.5734236581,185983.0413469475,1.0
14.0,1,1.0,5.0,0,37066.6758401221,76733.55222860488,75591.73854813253,1.0
14.0,2,1.0,5.0,0,35554.92916693708,76484.83364910951,73977.30032190737,1.0
14.0,3,1.0,5.0,0,36516.6583329228,76648.55226383147,75007.3409713008,1.0
14.0,4,1.0,5.0,0,34908.24594164231,76690.88644601933,73402.07156282259,1.0
14.0,5,1.0,5.0,0,34900.466607190385,76711.0808911735,73426.90133174634,1.0
14.0,6,1.0,5.0,0,37698.97326372597,77084.83931448287,76393.73970667542,1.0
14.0,7,1.0,5.0,0,34054.731844214766,77018.93489665027,72718.30412766377,1.0
14.0,8,1.0,5.0,0,36225.8303527361,76981.11358739699,74883.17529369668,1.0
14.0,9,1.0,5.0,0,35137.73209965623,77183.54747483104,73893.33838740556,1.0
14.0,10,1.0,5.0,0,36243.46470464969,76997.64112146765,74889.99688930828,1.0
14.0,11,1.0,5.0,0,37192.4045277665,76918.94079358317,75822.78943484121,1.0
14.0,12,1.0,5.0,0,38311.83765236996,77237.03959190576,77090.18712553888,1.0
14.0,13,1.0,5.0,1,38838.05833182109,77377.21444986136,77694.46037985537,1.0
14.0,14,1.0,5.0,1,36833.504362961205,77337.24477571902,75663.87233252202,1.0
14.0,15,1.0,5.0,1,36745.82542354539,77479.4476451058,75655.6061612792,1.0
14.0,16,1.0,5.0,1,37940.476516483526,77302.63392767587,76762.250889882,1.0
14.0,17,1.0,5.0,1,38595.90424430489,77083.09677926566,77299.89246478626,1.0
14.0,18,1.0,5.0,1,38459.07416644559,77403.63222211444,77315.90263193019,1.0
14.0,19,1.0,5.0,1,36242.49901824044,77344.94000200236,75091.33189816066,1.0
14.0,20,1.0,5.0,1,39055.66642176556,77583.89296222481,78011.9361594114,1.0
14.0,21,1.0,5.0,1,36297.29766606207,77788.98017167796,75341.92194501428,1.0
14.0,22,1.0,5.0,1,38507.566917617056,77717.58248884502,77543.1246308928,1.0
14.0,23,1.0,5.0,1,39592.06114872705,77598.25365250923,78547.0546479747,1.0
14.0,24,1.0,5.0,1,37762.28582762201,77762.95569436382,76793.94531430658,1.0
15.0,1,1.0,9.0,0,56484.29032789451,136325.0757019914,124725.73923405008,1.0
15.0,2,1.0,9.0,0,54197.27376081633,136013.83982647577,122304.54361331294,1.0
15.0,3,1.0,9.0,0,57093.687235312354,136261.96053122342,125324.01939486506,1.0
15.0,4,1.0,9.0,0,54135.75219468078,136735.69252951,122576.8985036564,1.0
15.0,5,1.0,9.0,0,53402.256405564265,136789.79702448728,121890.37747888488,1.0
15.0,6,1.0,9.0,0,56606.48511435026,137296.67869990703,125337.45844094282,1.0
15.0,7,1.0,9.0,0,57556.55580488881,137215.10082649207,126271.37334484454,1.0
15.0,8,1.0,9.0,0,55869.8249886595,137959.49534181727,124936.84835678004,1.0
15.0,9,1.0,9.0,0,57658.4714567112,137085.22760979403,126289.96725090964,1.0
15.0,10,1.0,9.0,0,53650.86160043108,137536.40330293914,122519.13490596336,1.0
15.0,11,1.0,9.0,0,58298.88841386526,137654.78819203872,127216.05693537078,1.0
15.0,12,1.0,9.0,0,53557.11162145788,137868.14198103556,122549.75129493278,1.0
15.0,13,1.0,9.0,1,59748.13545086644,137655.77428800007,128655.61952387908,1.0
15.0,14,1.0,9.0,1,56808.83149126449,138071.89983411628,125925.69427927514,1.0
15.0,15,1.0,9.0,1,58450.6745593489,137911.99665643153,127496.74815575176,1.0
15.0,16,1.0,9.0,1,59060.361204532914,138057.9941411677,128175.23326528838,1.0
15.0,17,1.0,9.0,1,60018.882228285176,138202.2796427389,129215.27572271173,1.0
15.0,18,1.0,9.0,1,58881.97543898331,138628.9859607259,128274.54153048276,1.0
15.0,19,1.0,9.0,1,58639.68048120182,138394.71111052463,127937.51357906988,1.0
15.0,20,1.0,9.0,1,61192.58802094206,138171.8276484099,130359.27246222516,1.0
15.0,21,1.0,9.0,1,58133.27802985747,138528.01609881668,127477.91191021506,1.0
15.0,22,1.0,9.0,1,60088.75052319092,138897.96506117476,129650.70184083084,1.0
15.0,23,1.0,9.0,1,56245.38728149183,139373.09633428082,126035.36383027364,1.0
15.0,24,1.0,9.0,1,60336.126456966726,139314.3562368721,130100.49459154412,1.0
16.0,1,1.0,14.0,0,115373.60581176696,207539.8448195934,219283.289046574,1.0
16.0,2,1.0,14.0,0,112993.973223722,207039.94819711772,216659.93699126437,1.0
16.0,3,1.0,14.0,0,111442.45174734948,207270.4150707658,215223.3829766574,1.0
16.0,4,1.0,14.0,0,107961.61272411206,208147.73071443135,212207.76917144877,1.0
16.0,5,1.0,14.0,0,110009.79441191448,207225.35791416749,213774.5770866541,1.0
16.0,6,1.0,14.0,0,110540.8045150535,208305.4395266609,214854.77065379295,1.0
16.0,7,1.0,14.0,0,110632.0726938898,208395.3046278506,214987.72501338104,1.0
16.0,8,1.0,14.0,0,111975.95032831,208590.50730964585,216408.883696557,1.0
16.0,9,1.0,14.0,0,108551.86880454872,208792.9366018024,213085.9245755531,1.0
16.0,10,1.0,14.0,0,112043.1281250985,208145.25502266263,216264.2519158197,1.0
16.0,11,1.0,14.0,0,119041.03755273926,208422.1822515984,223377.6496009523,1.0
16.0,12,1.0,14.0,0,112695.13655641535,209030.9500811028,217353.57722752137,1.0
16.0,13,1.0,14.0,1,112163.3007709294,209590.8724163455,217104.08793963175,1.0
16.0,14,1.0,14.0,1,120054.57233167755,210210.8796634471,225301.6877306916,1.0
16.0,15,1.0,14.0,1,116188.91873485789,209332.9121545923,221010.42858522592,1.0
16.0,16,1.0,14.0,1,114761.44160864898,209647.3502136324,219723.7435633964,1.0
16.0,17,1.0,14.0,1,113585.2874713934,209967.27486852417,218718.579799269,1.0
16.0,18,1.0,14.0,1,117912.694548793,210116.6581519376,223131.72465963408,1.0
16.0,19,1.0,14.0,1,113888.9496083601,210092.42898139573,219079.9569461104,1.0
16.0,20,1.0,14.0,1,113636.74687188194,210315.38361644145,218938.904656978,1.0
16.0,21,1.0,14.0,1,116006.62600755483,210471.14560867893,221390.02606983413,1.0
16.0,22,1.0,14.0,1,116252.28867682217,210447.79594377533,221640.90961728824,1.0
16.0,23,1.0,14.0,1,121087.02133148912,211093.2314605552,226778.7161351511,1.0
16.0,24,1.0,14.0,1,118254.6955851074,211339.22842801383,224077.49062941776,1.0
17.0,1,1.0,10.0,0,84898.35719174962,155863.04112162962,162919.7617448236,1.0
17.0,2,1.0,10.0,0,79015.51548900008,155508.40493007033,156872.96968143526,1.0
17.0,3,1.0,10.0,0,81720.04102474145,155352.76338186156,159499.61513770357,1.0
17.0,4,1.0,10.0,0,82360.25282074955,155849.63997116245,160365.5428310039,1.0
17.0,5,1.0,10.0,0,83159.15373375893,155921.1874294499,161227.05106939914,1.0
17.0,6,1.0,10.0,0,77582.6109425907,156304.60901877904,155849.75037333745,1.0
17.0,7,1.0,10.0,0,84416.17621037149,156014.11162560934,162521.3434785388,1.0
17.0,8,1.0,10.0,0,79835.98382225755,156353.1292003929,158111.7121677136,1.0
17.0,9,1.0,10.0,0,79617.17103967631,156298.7261387892,157876.14713714024,1.0
17.0,10,1.0,10.0,0,87713.33960190954,156766.00127169615,166192.66472607854,1.0
17.0,11,1.0,10.0,0,81657.44385404619,156944.6019687194,160224.93365307892,1.0
17.0,12,1.0,10.0,0,80350.15653136649,156788.9052101569,158832.77463606396,1.0
17.0,13,1.0,10.0,1,79862.93684579353,156789.55776204276,158351.45872313634,1.0
17.0,14,1.0,10.0,1,82070.5906110954,157427.8364515419,160892.16013366778,1.0
17.0,15,1.0,10.0,1,84951.8332452326,156910.92092754217,163510.0983736993,1.0
17.0,16,1.0,10.0,1,83613.21199343214,157057.3186366622,162242.11446647983,1.0
17.0,17,1.0,10.0,1,87358.35169652977,157388.00509172303,166153.77514853762,1.0
17.0,18,1.0,10.0,1,85843.29540253092,157024.04197082488,164459.44337583354,1.0
17.0,19,1.0,10.0,1,86418.4166942159,157741.29719193187,165401.12563622952,1.0
17.0,20,1.0,10.0,1,84001.87417824678,157734.71796770647,162971.9356662404,1.0
17.0,21,1.0,10.0,1,87561.46609748711,157995.03925924178,166667.39286428038,1.0
17.0,22,1.0,10.0,1,89325.82376406204,157180.32617266834,168029.77800616046,1.0
17.0,23,1.0,10.0,1,84029.684042103,158120.0402599047,163206.15983427208,1.0
17.0,24,1.0,10.0,1,84461.41240847117,157776.35892339732,163463.77636486205,1.0
18.0,1,1.0,1.0,0,6970.261601603247,14958.6975653639,14606.6357446684,0.0
18.0,2,1.0,1.0,0,6724.33531167828,14925.086832391138,14358.77060670942,0.0
18.0,3,1.0,1.0,0,7269.822679759059,14921.763197482824,14890.374449259863,0.0
18.0,4,1.0,1.0,0,6984.054862835357,14961.427712661183,14649.833507507688,0.0
18.0,5,1.0,1.0,0,7289.479308952596,15002.415538151085,14973.87840859864,0.0
18.0,6,1.0,1.0,0,6613.382341845934,14962.925663481055,14268.180851048646,0.0
18.0,7,1.0,1.0,0,7372.341047239477,15090.289967902874,15097.640747350311,0.0
18.0,8,1.0,1.0,0,7033.653073341341,15055.73730227311,14727.50766218742,0.0
18.0,9,1.0,1.0,0,7123.49227647843,15060.516421418291,14825.11312696937,0.0
18.0,10,1.0,1.0,0,7040.595651343608,15036.918252491709,14736.399297399428,0.0
18.0,11,1.0,1.0,0,6721.582891424833,15090.470713351193,14446.463815741025,0.0
18.0,12,1.0,1.0,0,7107.415926905734,15085.619139562385,14814.93113905184,0.0
18.0,13,1.0,1.0,0,7223.6357183901555,15032.22076660001,14899.141673957358,0.0
18.0,14,1.0,1.0,0,6893.155757405665,15170.51407358384,14635.236438990032,0.0
18.0,15,1.0,1.0,0,6877.4570166613,15158.532814034512,14615.663529153517,0.0
18.0,16,1.0,1.0,0,7294.879342927984,15144.94719422366,15040.723216563088,0.0
18.0,17,1.0,1.0,0,6763.043734525896,15087.441819776242,14478.22621420903,0.0
18.0,18,1.0,1.0,0,7303.618599501221,15183.11331485347,15073.548731096806,0.0
18.0,19,1.0,1.0,0,7486.495672367987,15207.12789893697,15263.65045350465,0.0
18.0,20,1.0,1.0,0,7257.552036669561,15224.040263979838,15026.397229005346,0.0
18.0,21,1.0,1.0,0,7172.885184537987,15257.942283668695,14961.556543158473,0.0
18.0,22,1.0,1.0,0,7303.274812411875,15265.528925426504,15093.436637378903,0.0
18.0,23,1.0,1.0,0,6991.798127387051,15367.078180079036,14833.126566173843,0.0
18.0,24,1.0,1.0,0,7212.434129770989,15203.901508029998,14984.08849997257,0.0
19.0,1,1.0,10.0,0,88075.33435345613,152530.08322975415,164496.58422858905,1.0
19.0,2,1.0,10.0,0,88272.39447175188,152701.5815568211,164789.6940867261,1.0
19.0,3,1.0,10.0,0,86869.99964409317,152647.6822395389,163341.27090765478,1.0
19.0,4,1.0,10.0,0,89669.392440893,152608.5047950908,166131.67241811298,1.0
19.0,5,1.0,10.0,0,89096.2021398967,153024.87852624178,165762.15304886957,1.0
19.0,6,1.0,10.0,0,90987.52221795812,152972.12214797793,167624.42595439067,1.0
19.0,7,1.0,10.0,0,90470.2275346542,153595.91742914077,167427.22718213516,1.0
19.0,8,1.0,10.0,0,89093.77981323643,153168.67863877915,165811.84083516887,1.0
19.0,9,1.0,10.0,0,84875.47176297364,153933.52869124996,161993.0657497772,1.0
19.0,10,1.0,10.0,0,89394.40343595223,152634.48751644924,165859.39903348737,1.0
19.0,11,1.0,10.0,0,87264.39081184157,153252.21173563172,164049.66219903145,1.0
19.0,12,1.0,10.0,0,88992.62918974741,153532.92206023226,165915.56759109805,1.0
19.0,13,1.0,10.0,1,88509.45997206797,153376.56957065218,165356.6422038928,1.0
19.0,14,1.0,10.0,1,86733.2548509216,153927.84141463606,163856.22864852697,1.0
19.0,15,1.0,10.0,1,91033.32634466408,153891.67645409537,168146.21469833318,1.0
19.0,16,1.0,10.0,1,89256.70520838031,154061.8953539844,166439.53808509017,1.0
19.0,17,1.0,10.0,1,93303.0568958846,153371.52591708282,170151.33166565353,1.0
19.0,18,1.0,10.0,1,89036.02732174518,154432.42068487412,166408.7519359082,1.0
19.0,19,1.0,10.0,1,88587.63934332426,153813.10684514185,165642.0728240099,1.0
19.0,20,1.0,10.0,1,93033.79272373368,154177.9183413719,170276.41212534433,1.0
19.0,21,1.0,10.0,1,89159.25645131664,154175.49231731362,166405.5294271904,1.0
19.0,22,1.0,10.0,1,90346.23531788524,153964.07492828785,167486.1159342414,1.0
19.0,23,1.0,10.0,1,89444.41363035708,154507.37804781544,166851.93446698636,1.0
19.0,24,1.0,10.0,1,88706.10719465089,154621.04379940988,166179.08604447654,1.0
20.0,1,1.0,23.0,0,221300.8114983368,336241.4233111248,389526.3710603984,1.0
20.0,2,1.0,23.0,0,220423.66115987103,337081.9800238215,389042.5991001871,1.0
20.0,3,1.0,23.0,0,219243.2839811845,336543.9563803264,387596.1411467468,1.0
20.0,4,1.0,23.0,0,217150.5638825945,336302.9625471973,385396.5914380114,1.0
20.0,5,1.0,23.0,0,220265.979223699,337510.2557837987,389134.77642522193,1.0
20.0,6,1.0,23.0,0,223159.2552847896,337988.2977456641,392256.9875812593,1.0
20.0,7,1.0,23.0,0,218781.0103426245,337040.2697861273,387394.1824045782,1.0
20.0,8,1.0,23.0,0,221726.21708173724,340001.1704082654,391833.7161456534,1.0
20.0,9,1.0,23.0,0,227934.27080043292,338323.6160273269,397196.0278534116,1.0
20.0,10,1.0,23.0,0,221386.8092958501,339327.5464150555,391158.604001904,1.0
20.0,11,1.0,23.0,0,227566.19729106085,338981.4495972332,397151.7540370443,1.0
20.0,12,1.0,23.0,0,224669.10856155405,339233.63937310554,394401.8558107478,1.0
20.0,13,1.0,23.0,1,230422.4727123365,338651.2300584535,399845.9529476036,1.0
20.0,14,1.0,23.0,1,227837.29717136783,339773.87102371006,397830.5762684328,1.0
20.0,15,1.0,23.0,1,224175.91456789887,339371.2817562151,393962.05827853136,1.0
20.0,16,1.0,23.0,1,235758.41934413763,339915.91577082983,405813.8163456369,1.0
20.0,17,1.0,23.0,1,229520.54034248885,339326.5174950556,399292.2838629044,1.0
20.0,18,1.0,23.0,1,229703.94540820707,340375.8852086022,399993.8531632255,1.0
20.0,19,1.0,23.0,1,224175.81513449157,339956.0063785842,394258.5900115065,1.0
20.0,20,1.0,23.0,1,225387.83353431305,340757.95726210094,395850.2247463998,1.0
20.0,21,1.0,23.0,1,228175.0935240072,339637.8708409976,398102.9534524991,1.0
20.0,22,1.0,23.0,1,227407.11981959885,341273.90821344143,398141.6299772122,1.0
20.0,23,1.0,23.0,1,226706.50978977085,340949.297755213,397273.7132409124,1.0
20.0,24,1.0,23.0,1,228937.7824264781,341438.72849370487,399759.7312729093,1.0
21.0,1,1.0,1.0,0,10782.800635687066,15055.583731075523,18340.445450952226,1.0
21.0,2,1.0,1.0,0,10427.249511615062,15096.815215948063,18025.06125408069,1.0
21.0,3,1.0,1.0,0,9858.69836767876,15135.943915253249,17446.12341166331,1.0
21.0,4,1.0,1.0,0,10035.850376478922,15153.764678699426,17662.512533718607,1.0
21.0,5,1.0,1.0,0,10103.444898653634,15150.21124210783,17725.56378110873,1.0
21.0,6,1.0,1.0,0,10309.212254979257,15122.053153467588,17914.553606168352,1.0
21.0,7,1.0,1.0,0,10203.60794853127,15097.167966397716,17802.127831344074,1.0
21.0,8,1.0,1.0,0,10368.833729267722,15148.68847584517,17998.045101957094,1.0
21.0,9,1.0,1.0,0,9939.428704633165,15127.942457545983,17540.168690003804,1.0
21.0,10,1.0,1.0,0,10473.152895718082,15124.27198563127,18070.32783551515,1.0
21.0,11,1.0,1.0,0,10230.178050050004,15182.908516089225,17854.625611453368,1.0
21.0,12,1.0,1.0,0,10766.148754900025,15213.577409028632,18406.40995038652,1.0
21.0,13,1.0,1.0,1,10442.63356839789,15142.45183843162,18063.83758086394,1.0
21.0,14,1.0,1.0,1,10526.258163892018,15210.989202060067,18159.4705666513,1.0
21.0,15,1.0,1.0,1,10433.024069158484,15171.723189229811,18051.35631507465,1.0
21.0,16,1.0,1.0,1,10535.166849081745,15236.065936846597,18201.2271869958,1.0
21.0,17,1.0,1.0,1,10608.570397124258,15229.97838995244,18259.96940548608,1.0
21.0,18,1.0,1.0,1,10032.67426048457,15209.464700093426,17686.890649778554,1.0
21.0,19,1.0,1.0,1,10067.718055371652,15200.611184899084,17721.984674998865,1.0
21.0,20,1.0,1.0,1,10621.910646719443,15230.505510589295,18276.27831438669,1.0
21.0,21,1.0,1.0,1,10594.910435696916,15207.84435428166,18233.776594790248,1.0
21.0,22,1.0,1.0,1,10587.14956540998,15209.61291828738,18225.18405139254,1.0
21.0,23,1.0,1.0,1,10703.543986226185,15177.031914469091,18328.80795438848,1.0
21.0,24,1.0,1.0,1,10401.694848438254,15240.93652443814,18047.4161358748,1.0
22.0,1,1.0,7.0,0,59874.14468630794,108389.39774596294,114059.94427845292,1.0
22.0,2,1.0,7.0,0,59300.4006001489,108169.20306910136,113406.84497715168,1.0
22.0,3,1.0,7.0,0,58297.91581589044,108222.31760792543,112423.72628467588,1.0
22.0,4,1.0,7.0,0,58717.42793401061,108018.53003459082,112731.49951276214,1.0
22.0,5,1.0,7.0,0,57066.29630642569,108180.92779465578,111150.14305067758,1.0
22.0,6,1.0,7.0,0,59327.328362878165,108228.93696578816,113438.58073677625,1.0
22.0,7,1.0,7.0,0,61443.93590776748,108566.56143312102,115725.2376581932,1.0
22.0,8,1.0,7.0,0,60272.18242305243,108636.97509191588,114609.97488429851,1.0
22.0,9,1.0,7.0,0,60399.018350928935,108838.80771633552,114814.2184262988,1.0
22.0,10,1.0,7.0,0,56131.7979355944,108729.16410771634,110507.52798112656,1.0
22.0,11,1.0,7.0,0,60964.5912337424,108997.1850931652,115465.94792618036,1.0
22.0,12,1.0,7.0,0,59024.22567278498,108958.7920912649,113514.99881205274,1.0
22.0,13,1.0,7.0,1,58612.702731811485,109189.854356634,113222.2744297868,1.0
22.0,14,1.0,7.0,1,60048.03124081039,109381.0862412428,114749.5238527575,1.0
22.0,15,1.0,7.0,1,59787.41792336316,109273.86945389718,114438.45906042286,1.0
22.0,16,1.0,7.0,1,60571.16789858082,109383.0796119778,115280.30613791088,1.0
22.0,17,1.0,7.0,1,59733.119188304,109253.17992880932,114379.66835560973,1.0
22.0,18,1.0,7.0,1,63123.87123139045,109377.53050125696,117823.5984586124,1.0
22.0,19,1.0,7.0,1,58580.988357065566,109554.5901806506,113358.4966497672,1.0
22.0,20,1.0,7.0,1,58898.9657656631,109454.2931273449,113622.33143318308,1.0
22.0,21,1.0,7.0,1,62324.41218966051,109646.41358016209,117139.31073609387,1.0
22.0,22,1.0,7.0,1,62370.08434240621,109795.61223966908,117267.44101766944,1.0
22.0,23,1.0,7.0,1,63432.95134248233,109745.402503142,118306.60160341274,1.0
22.0,24,1.0,7.0,1,58826.84742799643,109908.559671264,113784.506300418,1.0
23.0,1,1.0,11.0,0,92636.23539862722,165413.08359423277,175432.64726622283,1.0
23.0,2,1.0,11.0,0,95592.23370384071,165576.99102856187,178472.5273615832,1.0
23.0,3,1.0,11.0,0,97584.2724300238,165738.46441084013,180556.78605804552,1.0
23.0,4,1.0,11.0,0,91079.70725683906,166038.72970462035,174215.1691145989,1.0
23.0,5,1.0,11.0,0,95619.20760033753,165700.2466952875,178574.72691764336,1.0
23.0,6,1.0,11.0,0,97150.53473372184,165853.2837996712,180183.4375041472,1.0
23.0,7,1.0,11.0,0,92656.52091898148,165938.35969277474,175735.8007943942,1.0
23.0,8,1.0,11.0,0,91665.31735198076,165938.96078192693,174711.74941867738,1.0
23.0,9,1.0,11.0,0,91835.55569548368,165781.04615083986,174826.2729617346,1.0
23.0,10,1.0,11.0,0,99318.46070542128,166716.838647461,182770.61305154447,1.0
23.0,11,1.0,11.0,0,92989.46498326176,166309.58181224554,176243.20582176384,1.0
23.0,12,1.0,11.0,0,100444.72251675682,166142.21256731925,183626.11073562052,1.0
23.0,13,1.0,11.0,1,96070.1002815777,166451.19048399047,179377.44262240257,1.0
23.0,14,1.0,11.0,1,96206.5466139186,166342.92061237036,179486.0235418746,1.0
23.0,15,1.0,11.0,1,100087.311276695,166366.02575245727,183383.5013568797,1.0
23.0,16,1.0,11.0,1,96069.93414753236,166221.33140988144,179292.5270259176,1.0
23.0,17,1.0,11.0,1,96802.51435463426,166341.34483910556,180060.08464853853,1.0
23.0,18,1.0,11.0,1,97067.53817730107,166517.84257841698,180422.1053374654,1.0
23.0,19,1.0,11.0,1,97202.48404901291,167101.1954127285,180835.13218010688,1.0
23.0,20,1.0,11.0,1,100360.07919582442,166801.66645678476,183849.65880271528,1.0
23.0,21,1.0,11.0,1,98009.6346633424,166866.17935931226,181538.6176333917,1.0
23.0,22,1.0,11.0,1,101219.97162464302,166986.56620317893,184828.01075298447,1.0
23.0,23,1.0,11.0,1,102096.74407827583,167236.38136431773,185828.98158507448,1.0
23.0,24,1.0,11.0,1,98189.9028360914,167365.98889886183,181981.62707639407,1.0
24.0,1,1.0,15.0,0,98991.23786979524,232915.5888843262,215548.5438876708,0.0
24.0,2,1.0,15.0,0,94441.56555033015,233180.16538479328,211137.952083472,0.0
24.0,3,1.0,15.0,0,98138.69653712671,233942.79218514825,215220.2720289508,0.0
24.0,4,1.0,15.0,0,92609.04817179868,233571.30646238764,209514.2133572992,0.0
24.0,5,1.0,15.0,0,97226.57816474108,234075.43706913627,214345.06729623995,0.0
24.0,6,1.0,15.0,0,95203.96907311212,234851.889851745,212736.68797106488,0.0
24.0,7,1.0,15.0,0,90200.092793957,235044.8480561465,207822.3164568998,0.0
24.0,8,1.0,15.0,0,91931.63066576308,233763.2316096733,208893.13091420743,0.0
24.0,9,1.0,15.0,0,95968.33707850556,234300.10788639417,213217.27210487903,0.0
24.0,10,1.0,15.0,0,95191.73429251811,234400.2101764416,212483.56523693327,0.0
24.0,11,1.0,15.0,0,99944.18359068166,234617.75834870237,217356.10059619328,0.0
24.0,12,1.0,15.0,0,98985.98327829994,235026.1904919363,216600.0590250604,0.0
24.0,13,1.0,15.0,0,95280.73835758209,235805.86075048603,213276.9458095004,0.0
24.0,14,1.0,15.0,0,98756.55918407634,234791.70025938304,216269.32854761547,0.0
24.0,15,1.0,15.0,0,99822.81169546614,235170.32636380996,217500.8252916808,0.0
24.0,16,1.0,15.0,0,104293.0663021967,235337.91321203407,222061.7166406222,0.0
24.0,17,1.0,15.0,0,99879.966806975,236219.1928012958,218090.4338755103,0.0
24.0,18,1.0,15.0,0,101120.70821304778,235394.6962677242,218906.94427848115,0.0
24.0,19,1.0,15.0,0,101011.68784535964,235633.9038845937,218909.40354798143,0.0
24.0,20,1.0,15.0,0,97417.330959836,236064.21637875203,215551.7172697989,0.0
24.0,21,1.0,15.0,0,100131.7880797617,236841.69541292184,218641.1191264159,0.0
24.0,22,1.0,15.0,0,99261.15011745648,236408.3485929996,217566.8754906015,0.0
24.0,23,1.0,15.0,0,100426.13948417857,236724.79144247805,218892.89650474212,0.0
24.0,24,1.0,15.0,0,99153.31138751486,236857.08266713345,217689.65527453963,0.0
25.0,1,1.0,16.0,0,88739.55767132269,245721.32832854893,211729.23620830444,0.0
25.0,2,1.0,16.0,0,83578.84899049495,247018.2289956741,207227.04338628077,0.0
25.0,3,1.0,16.0,0,81703.07811309678,246834.16546587777,205255.49354694865,0.0
25.0,4,1.0,16.0,0,84990.62326244437,247324.38552924796,208791.20003882408,0.0
25.0,5,1.0,16.0,0,84605.397433512,246951.3945775791,208216.9102391264,0.0
25.0,6,1.0,16.0,0,86543.65266862098,246752.4793467336,210048.50142382772,0.0
25.0,7,1.0,16.0,0,80832.71046364502,247537.06444334524,204745.86723146428,0.0
25.0,8,1.0,16.0,0,87148.30938097082,247425.62769910923,210993.9830711177,0.0
25.0,9,1.0,16.0,0,85141.45542504932,248547.50324338424,209541.99676820656,0.0
25.0,10,1.0,16.0,0,85861.73613050718,247035.14721412555,209514.96481657436,0.0
25.0,11,1.0,16.0,0,82097.42152595182,248741.48578459173,206600.91951626795,0.0
25.0,12,1.0,16.0,0,91370.69918764838,247999.63268421893,215492.88360745285,0.0
25.0,13,1.0,16.0,0,88601.38713943011,249251.6268703907,213366.86284647725,0.0
25.0,14,1.0,16.0,0,80126.91305943717,248467.6177520564,204500.92105612316,0.0
25.0,15,1.0,16.0,0,85964.2590975257,248128.712366312,210149.9995290537,0.0
25.0,16,1.0,16.0,0,93294.42792591886,248447.28102918612,217645.98533767156,0.0
25.0,17,1.0,16.0,0,91020.06703242376,248581.31513524623,215429.9101983474,0.0
25.0,18,1.0,16.0,0,88791.27189119789,248592.83925769728,213235.75304908253,0.0
25.0,19,1.0,16.0,0,84992.08467521501,249494.8761408483,209863.21062676224,0.0
25.0,20,1.0,16.0,0,91859.41715715926,249210.47803150964,216600.35894037975,0.0
25.0,21,1.0,16.0,0,91449.6553169297,248853.20466911123,216018.02787389376,0.0
25.0,22,1.0,16.0,0,86624.92445573688,250171.6383331213,211823.1299031748,0.0
25.0,23,1.0,16.0,0,87919.29261904256,250144.3792846683,213124.54572180804,0.0
25.0,24,1.0,16.0,0,98978.77880089347,249185.2497345806,223716.10662006095,0.0
26.0,1,1.0,6.0,0,43842.471093062166,91314.25407193108,89631.44946007666,0.0
26.0,2,1.0,6.0,0,43172.92421166928,91303.20493441384,88957.73409821485,0.0
26.0,3,1.0,6.0,0,43612.74835341989,91334.85987657032,89400.12858825334,0.0
26.0,4,1.0,6.0,0,44167.49544546768,91293.82941607609,89948.21201608352,0.0
26.0,5,1.0,6.0,0,41978.58893784102,91495.10041562388,87849.97264986656,0.0
26.0,6,1.0,6.0,0,44265.511864845255,92012.86088184857,90403.78576077268,0.0
26.0,7,1.0,6.0,0,41947.21777122496,91678.2487425518,87947.93859217883,0.0
26.0,8,1.0,6.0,0,43035.31015114376,92011.80860515167,89168.3012481684,0.0
26.0,9,1.0,6.0,0,44061.69180530164,91761.41867240307,90066.72515813017,0.0
26.0,10,1.0,6.0,0,41904.332432692645,92023.15112271112,88066.26065571976,0.0
26.0,11,1.0,6.0,0,42801.808729223856,91981.58812611514,88933.83169499166,0.0
26.0,12,1.0,6.0,0,41773.41343732389,92213.531018116,88011.6003129643,0.0
26.0,13,1.0,6.0,0,43961.80219043138,92147.14996043204,90172.32763986166,0.0
26.0,14,1.0,6.0,0,45757.60094018111,92235.89634462098,91997.04851000968,0.0
26.0,15,1.0,6.0,0,47419.310625989376,92136.15410527668,93609.73779190128,0.0
26.0,16,1.0,6.0,0,42467.24173702985,92385.1000373094,88782.70772723087,0.0
26.0,17,1.0,6.0,0,45444.33864593224,92257.70403225426,91703.35723211372,0.0
26.0,18,1.0,6.0,0,45626.546767333006,92436.1079503317,91977.18252914357,0.0
26.0,19,1.0,6.0,0,45234.53025805033,92562.47726837246,91652.08619113354,0.0
26.0,20,1.0,6.0,0,43895.76160643102,92730.74917354478,90391.9851418864,0.0
26.0,21,1.0,6.0,0,47466.12828048115,92912.20929926398,94054.52102104576,0.0
26.0,22,1.0,6.0,0,46108.37981524236,92783.2947010681,92616.98079036652,0.0
26.0,23,1.0,6.0,0,47645.75293035593,92738.85245103126,94159.3687133207,0.0
26.0,24,1.0,6.0,0,46335.34292394114,92974.79761199602,92943.49018809106,0.0
27.0,1,1.0,15.0,0,131770.64794965897,227654.6220994976,245648.25519911,1.0
27.0,2,1.0,15.0,0,130681.00899914755,228217.01516892423,244843.9732969129,1.0
27.0,3,1.0,15.0,0,130463.0343921542,228195.98577433068,244613.6308431417,1.0
27.0,4,1.0,15.0,0,128691.36249782756,229132.247933316,243328.89817586265,1.0
27.0,5,1.0,15.0,0,123799.87982392251,227730.171576348,237727.5999848981,1.0
27.0,6,1.0,15.0,0,137179.94183005017,229199.7256605661,251853.03832606415,1.0
27.0,7,1.0,15.0,0,128965.32178209844,228895.53237282223,243499.97222635057,1.0
27.0,8,1.0,15.0,0,131375.94743527228,228702.79706538955,245778.0743187837,1.0
27.0,9,1.0,15.0,0,130821.47700068196,228793.68272282908,245298.3445271288,1.0
27.0,10,1.0,15.0,0,130415.54368657355,230024.3169360394,245496.34837178275,1.0
27.0,11,1.0,15.0,0,129970.87904000592,229463.8672290096,244775.39638790555,1.0
27.0,12,1.0,15.0,0,128623.05677781256,229280.16520979584,243329.39134649077,1.0
27.0,13,1.0,15.0,1,124539.0225662036,231086.55663675757,192133.88485649988,1.0
27.0,14,1.0,15.0,1,129241.33776608836,229843.0487073736,195406.8527796965,1.0
27.0,15,1.0,15.0,1,119570.42919950216,230569.48343429767,187955.54570519525,1.0
27.0,16,1.0,15.0,1,136203.80872882207,229616.05178666007,200880.2522776884,1.0
27.0,17,1.0,15.0,1,127198.97231998525,230328.1736879614,193959.6620934959,1.0
27.0,18,1.0,15.0,1,125412.09608842326,230724.0470846011,192676.62067108543,1.0
27.0,19,1.0,15.0,1,129312.2365376638,230671.15654509477,195790.885671589,1.0
27.0,20,1.0,15.0,1,129900.2382702442,230899.4849678413,196346.04378960017,1.0
27.0,21,1.0,15.0,1,126213.6463012144,231294.2967958868,193555.53191629009,1.0
27.0,22,1.0,15.0,1,124448.75428986811,231190.01803992825,192109.63198834576,1.0
27.0,23,1.0,15.0,1,130258.66173509147,231667.3184154689,196939.20037284715,1.0
27.0,24,1.0,15.0,1,132441.8366562826,231233.8503721889,198511.31721193076,1.0
28.0,1,1.0,8.0,0,58643.43802456508,119077.40204009275,118198.66022758144,1.0
28.0,2,1.0,8.0,0,58062.27353194309,119586.34505824238,117896.01242849376,1.0
28.0,3,1.0,8.0,0,60157.1128324528,119253.5111581993,119817.06116934853,1.0
28.0,4,1.0,8.0,0,57314.805490099534,119428.53417402173,117050.34690170524,1.0
28.0,5,1.0,8.0,0,56593.920839947794,119293.21622455672,116282.81742044362,1.0
28.0,6,1.0,8.0,0,61023.63540630527,119590.41698944586,120854.96160087056,1.0
28.0,7,1.0,8.0,0,58071.86174007501,119704.31843552488,117963.58451004646,1.0
28.0,8,1.0,8.0,0,57522.07567227439,119964.2057031012,117530.84058077128,1.0
28.0,9,1.0,8.0,0,59734.8884513756,120116.9767835294,119825.681016359,1.0
28.0,10,1.0,8.0,0,58558.61774450259,120049.56134265316,118633.67140270848,1.0
28.0,11,1.0,8.0,0,59743.19533071347,120288.00959979382,119938.80951168764,1.0
28.0,12,1.0,8.0,0,60020.1283413521,120074.34234426146,120074.4775169985,1.0
28.0,13,1.0,8.0,1,54391.31449066603,120317.09121785348,91669.7791270156,1.0
28.0,14,1.0,8.0,1,58074.35987541422,120572.51681187708,94733.72969171734,1.0
28.0,15,1.0,8.0,1,57432.01150412408,120060.7920019468,94005.71970076744,1.0
28.0,16,1.0,8.0,1,55642.04057643983,120951.5836414932,92939.00333194651,1.0
28.0,17,1.0,8.0,1,55877.906431940566,121060.42098287043,93171.7069446663,1.0
28.0,18,1.0,8.0,1,57591.45828061415,120839.88080004182,94457.33787381118,1.0
28.0,19,1.0,8.0,1,55659.365233453376,120918.1946033393,92937.21619087028,1.0
28.0,20,1.0,8.0,1,57887.36578176998,120893.5276228578,94690.23470191982,1.0
28.0,21,1.0,8.0,1,58827.4918788546,120974.55416627432,95489.57176780826,1.0
28.0,22,1.0,8.0,1,57679.23497537631,121977.19223206311,94960.433233534,1.0
28.0,23,1.0,8.0,1,58984.72964344126,121795.96314313894,95931.46273600408,1.0
28.0,24,1.0,8.0,1,57853.451806903046,121414.61834650605,94882.7698636301,1.0
29.0,1,1.0,14.0,0,92973.847877156,213411.09125077497,199775.3280440261,0.0
29.0,2,1.0,14.0,0,98363.78470369068,213714.67919210088,205335.65928914424,0.0
29.0,3,1.0,14.0,0,94670.05207843737,213867.2924295196,201710.24396926755,0.0
29.0,4,1.0,14.0,0,99836.84666211971,213213.87660046836,206560.6795545608,0.0
29.0,5,1.0,14.0,0,94701.77620328894,215166.58144073843,202403.11949997957,0.0
29.0,6,1.0,14.0,0,98070.9635097559,214339.19816394435,205355.82721083483,0.0
29.0,7,1.0,14.0,0,92272.89528996585,214282.4623547529,199515.2179733785,0.0
29.0,8,1.0,14.0,0,98069.78133089036,215131.49840874388,205732.08019302288,0.0
29.0,9,1.0,14.0,0,92361.1731416191,215188.7738511357,200057.99613343028,0.0
29.0,10,1.0,14.0,0,102512.04783855048,214738.22709068868,209987.044415394,0.0
29.0,11,1.0,14.0,0,100651.1326213679,215066.1003042141,208302.9306267504,0.0
29.0,12,1.0,14.0,0,98587.62831105724,214629.2668586828,206000.02830315047,0.0
29.0,13,1.0,14.0,0,100285.24043696056,215388.24119555968,208098.43402832848,0.0
29.0,14,1.0,14.0,0,107900.1465201611,214974.5982070456,215487.3483149197,0.0
29.0,15,1.0,14.0,0,106027.88375825874,215707.93292249332,214000.2100155662,0.0
29.0,16,1.0,14.0,0,94900.73074407331,215813.44490255087,202940.25411593888,0.0
29.0,17,1.0,14.0,0,101094.57943777664,215835.6234617512,209148.1674953437,0.0
29.0,18,1.0,14.0,0,102214.5162113688,216108.182029536,210384.0867590418,0.0
29.0,19,1.0,14.0,0,99589.93540347436,216095.83477678712,207762.36621386613,0.0
29.0,20,1.0,14.0,0,97125.26284999643,216877.5959859218,205673.6908079373,0.0
29.0,21,1.0,14.0,0,97493.83656920132,216178.67087597089,205680.51907046663,0.0
29.0,22,1.0,14.0,0,97484.25738817168,217404.1723026542,206305.371542208,0.0
29.0,23,1.0,14.0,0,103670.12715214072,217219.92756694768,212402.2402523479,0.0
29.0,24,1.0,14.0,0,105651.9414603094,216495.1320454013,214004.86520902129,0.0
30.0,1,1.0,5.0,0,41488.73213172413,72774.25782868899,77862.06288330127,1.0
30.0,2,1.0,5.0,0,43504.2554852319,72971.98863600074,80012.79573791075,1.0
30.0,3,1.0,5.0,0,44624.6152925133,72933.48593215298,81083.6995172904,1.0
30.0,4,1.0,5.0,0,44327.543450658886,72867.53831357366,80772.14893313414,1.0
30.0,5,1.0,5.0,0,43016.3265710498,73224.98396228375,79617.11036403362,1.0
30.0,6,1.0,5.0,0,42745.97593339376,72891.65515357912,79173.88990190832,1.0
30.0,7,1.0,5.0,0,43010.505601240926,73181.07637938684,79587.38772637078,1.0
30.0,8,1.0,5.0,0,43849.31237529413,73243.99836067058,80502.92628868959,1.0
30.0,9,1.0,5.0,0,41336.80575888824,73313.48503552836,77981.47584361551,1.0
30.0,10,1.0,5.0,0,43473.645967285775,73424.14500373507,80165.43613035064,1.0
30.0,11,1.0,5.0,0,43238.50006652827,73328.40474335583,79902.22453063208,1.0
30.0,12,1.0,5.0,0,43847.51363936459,73278.23228005912,80495.34810690039,1.0
30.0,13,1.0,5.0,1,42595.61442988568,73414.35430724986,63459.7728266824,1.0
30.0,14,1.0,5.0,1,41634.282767135424,73606.87119313948,62757.66750249584,1.0
30.0,15,1.0,5.0,1,45004.06304879212,73757.66454220375,65501.3874123363,1.0
30.0,16,1.0,5.0,1,42252.27578721654,73892.11182991495,63353.33819849564,1.0
30.0,17,1.0,5.0,1,43831.95978086884,73955.12955846489,64642.1526157549,1.0
30.0,18,1.0,5.0,1,43674.06286467409,73656.83004016403,64384.30260846888,1.0
30.0,19,1.0,5.0,1,41001.308273211485,73718.29336751263,62277.31886467629,1.0
30.0,20,1.0,5.0,1,42889.43856046957,73832.20245144323,63831.25065612749,1.0
30.0,21,1.0,5.0,1,42101.31835741214,73828.44626163364,63189.5111117961,1.0
30.0,22,1.0,5.0,1,42439.72545827522,74232.75666188523,63643.05328847144,1.0
30.0,23,1.0,5.0,1,44486.68576351802,74157.99181415974,65247.76865574595,1.0
30.0,24,1.0,5.0,1,44161.77522918183,74023.69545522005,64935.17669348174,1.0
31.0,1,1.0,12.0,0,83625.61911092144,180833.8663173397,174192.23768530952,1.0
31.0,2,1.0,12.0,0,78868.97576525387,181068.84848144744,169561.74540283627,1.0
31.0,3,1.0,12.0,0,82930.70877463142,181537.421750907,173861.06742399532,1.0
31.0,4,1.0,12.0,0,87096.94246249938,181759.8958329477,178131.99536068304,1.0
31.0,5,1.0,12.0,0,84115.20558974764,181597.75538523405,175046.67263682777,1.0
31.0,6,1.0,12.0,0,78552.90920662558,181869.734809673,169645.334907216,1.0
31.0,7,1.0,12.0,0,82734.21470477703,181545.38262477893,173653.7406673302,1.0
31.0,8,1.0,12.0,0,85484.60046529173,182032.03935971876,176654.37462587617,1.0
31.0,9,1.0,12.0,0,83310.10887491718,181973.47916523408,174435.15980101435,1.0
31.0,10,1.0,12.0,0,82115.44985996587,182825.8048084894,173681.12352904154,1.0
31.0,11,1.0,12.0,0,83698.26981633517,183187.63654980125,175440.724837737,1.0
31.0,12,1.0,12.0,0,83984.65804749486,183340.33194669956,175836.7191967166,1.0
31.0,13,1.0,12.0,1,80735.02036865226,182855.50097826764,137871.5881574311,1.0
31.0,14,1.0,12.0,1,80474.01204808794,183229.80971846537,137825.5887081166,1.0
31.0,15,1.0,12.0,1,74659.46463744885,183233.89523724696,133172.63452963554,1.0
31.0,16,1.0,12.0,1,75553.5572305185,183633.9429566893,134042.41160071423,1.0
31.0,17,1.0,12.0,1,81255.97883455157,183454.53869666185,138551.04603734327,1.0
31.0,18,1.0,12.0,1,79289.13529310162,182867.56201684903,136721.81384974314,1.0
31.0,19,1.0,12.0,1,84822.58217969388,183808.06087483105,141522.41534824335,1.0
31.0,20,1.0,12.0,1,82692.54738422444,185067.17612874365,140345.71096769534,1.0
31.0,21,1.0,12.0,1,81345.83237212735,184307.07226449656,138953.71829215437,1.0
31.0,22,1.0,12.0,1,81736.59040089168,184236.15467642844,139235.05368658478,1.0
31.0,23,1.0,12.0,1,79344.2663345061,184951.880326177,137618.86065571397,1.0
31.0,24,1.0,12.0,1,80718.12872283507,184985.5803784421,138694.47564353494,1.0
32.0,1,1.0,7.0,0,50148.31498342172,105964.878160219,103263.0301185116,1.0
32.0,2,1.0,7.0,0,52770.082597959496,105746.50658255706,105778.84187720704,1.0
32.0,3,1.0,7.0,0,51488.47288392234,105739.22062146048,104499.16429206792,1.0
32.0,4,1.0,7.0,0,52987.45168177462,106224.97404428128,106242.42368778482,1.0
32.0,5,1.0,7.0,0,46677.33047045988,106660.03767296571,100149.150019494,1.0
32.0,6,1.0,7.0,0,51101.228224858445,106262.74033736772,104367.02607028336,1.0
32.0,7,1.0,7.0,0,50703.48317029721,106844.66071801084,104275.64005097824,1.0
32.0,8,1.0,7.0,0,48116.350252876975,106596.45608093646,101554.27883135086,1.0
32.0,9,1.0,7.0,0,51298.83913990298,106789.53788169316,104828.26383132229,1.0
32.0,10,1.0,7.0,0,51672.54773950412,106597.9880593728,105117.38459105398,1.0
32.0,11,1.0,7.0,0,50184.71262598237,107033.19661426096,103849.8833941379,1.0
32.0,12,1.0,7.0,0,50490.426405863655,107168.66257185646,104197.97023840784,1.0
32.0,13,1.0,7.0,1,51635.08645192484,106944.52608982017,105253.8807393792,1.0
32.0,14,1.0,7.0,1,54257.05691544831,107100.47012750336,107962.53989232791,1.0
32.0,15,1.0,7.0,1,49496.48921431832,107198.1095110618,103245.6715287561,1.0
32.0,16,1.0,7.0,1,50081.72051435296,107133.38808612023,103788.53747403118,1.0
32.0,17,1.0,7.0,1,50960.3560745526,107344.85332747544,104769.9981999165,1.0
32.0,18,1.0,7.0,1,54762.43733419748,107432.4356954007,108611.70314510034,1.0
32.0,19,1.0,7.0,1,53682.25751816661,107442.3229848731,107523.88193330956,1.0
32.0,20,1.0,7.0,1,53249.46857206857,107660.5179688587,107207.63305342491,1.0
32.0,21,1.0,7.0,1,52531.50590155038,107697.40418224904,106521.29502981108,1.0
32.0,22,1.0,7.0,1,53106.09328236832,108140.4749847833,107330.76309457015,1.0
32.0,23,1.0,7.0,1,52342.74658524788,108043.94833986105,106517.09578923328,1.0
32.0,24,1.0,7.0,1,52759.29957795566,107913.5866464835,106849.6422241481,1.0
33.0,1,1.0,13.0,0,85914.49543107313,193489.4704575268,182715.42364315304,0.0
33.0,2,1.0,13.0,0,82968.50471953473,193975.8327752357,179993.41080894947,0.0
33.0,3,1.0,13.0,0,87316.12930338216,194616.0177968744,184656.06580386756,0.0
33.0,4,1.0,13.0,0,82925.9691232368,194395.76253336368,180178.6224976373,0.0
33.0,5,1.0,13.0,0,84477.40099197884,194478.7842783597,181745.9903484138,0.0
33.0,6,1.0,13.0,0,85912.48237787149,194830.6792180104,183366.2469232669,0.0
33.0,7,1.0,13.0,0,79197.94310444548,195080.75268830152,176788.73701707993,0.0
33.0,8,1.0,13.0,0,83653.05084054139,196084.15543114085,181737.4816985225,0.0
33.0,9,1.0,13.0,0,84919.44561134018,195490.75843622623,182708.16049055132,0.0
33.0,10,1.0,13.0,0,84447.65634424971,195376.3727018881,182182.62058185015,0.0
33.0,11,1.0,13.0,0,86085.42537115437,196163.38721510817,184212.94602058796,0.0
33.0,12,1.0,13.0,0,83875.79196915468,195655.0062608136,181735.34225067336,0.0
33.0,13,1.0,13.0,0,87255.11597202266,196705.1669519285,185647.0895800683,0.0
33.0,14,1.0,13.0,0,86826.23769435822,196532.83175246333,185130.00067800732,0.0
33.0,15,1.0,13.0,0,84032.03076448188,196480.69785490804,182322.0894695857,0.0
33.0,16,1.0,13.0,0,86123.65557560208,196418.3996921388,184383.7156578656,0.0
33.0,17,1.0,13.0,0,84102.3840685535,196416.19363799837,182353.40087843343,0.0
33.0,18,1.0,13.0,0,87378.33293551362,197073.5895466766,185965.99535515055,0.0
33.0,19,1.0,13.0,0,86644.4117303857,197280.740591886,185324.2238922803,0.0
33.0,20,1.0,13.0,0,86822.28107424123,197500.35824674123,185611.8712966843,0.0
33.0,21,1.0,13.0,0,86847.13102705029,196800.3812023952,185282.6958804385,0.0
33.0,22,1.0,13.0,0,81800.66424213916,198151.65527047595,180905.5653886899,0.0
33.0,23,1.0,13.0,0,85672.62341158975,197171.21143465384,184306.88612150177,0.0
33.0,24,1.0,13.0,0,87040.0719211485,198240.50003433085,186205.49032198548,0.0
34.0,1,1.0,7.0,0,45979.75617438867,103882.26914802418,97961.13581194825,1.0
34.0,2,1.0,7.0,0,47806.58447383549,104447.7723174296,100077.2255808698,1.0
34.0,3,1.0,7.0,0,45697.00304720288,104557.94635345436,98024.99054187287,1.0
34.0,4,1.0,7.0,0,46161.28575300164,104704.03012123982,98566.27024112934,1.0
34.0,5,1.0,7.0,0,46730.02221298697,104740.76672665632,99153.1442723755,1.0
34.0,6,1.0,7.0,0,47542.54415701253,104668.36620805808,99945.21639297732,1.0
34.0,7,1.0,7.0,0,47193.17155592536,104804.85773922752,99656.54347714594,1.0
34.0,8,1.0,7.0,0,43844.43073729552,104391.46605589717,96100.70014692408,1.0
34.0,9,1.0,7.0,0,46332.34763954103,105176.0752939693,98971.33100689264,1.0
34.0,10,1.0,7.0,0,46395.876118755376,104830.77589860604,98858.40067402474,1.0
34.0,11,1.0,7.0,0,45813.6492107888,105378.96370399652,98566.26378270176,1.0
34.0,12,1.0,7.0,0,45823.436962100495,105004.16223638254,98361.97763059288,1.0
34.0,13,1.0,7.0,1,50002.445393793765,105044.6625630702,102595.3460354102,1.0
34.0,14,1.0,7.0,1,47092.91681070971,105551.49872439144,99931.0800536217,1.0
34.0,15,1.0,7.0,1,48593.56637414516,105168.8301754777,101221.17428955525,1.0
34.0,16,1.0,7.0,1,48812.582531475455,105445.85012443294,101595.56714342628,1.0
34.0,17,1.0,7.0,1,51099.92974473055,105496.88444621784,103907.80721681796,1.0
34.0,18,1.0,7.0,1,47853.83114540534,105528.89916079184,100673.96959840086,1.0
34.0,19,1.0,7.0,1,46948.43032013619,105391.41021241226,99715.62529863608,1.0
34.0,20,1.0,7.0,1,47110.49745228338,105468.00516540032,99907.44580132051,1.0
34.0,21,1.0,7.0,1,49781.17461722127,105470.8152352542,102578.65728602109,1.0
34.0,22,1.0,7.0,1,48199.36526781184,105813.90488563612,101154.25116821706,1.0
34.0,23,1.0,7.0,1,47849.12584191512,105742.17436424716,100772.74442232036,1.0
34.0,24,1.0,7.0,1,50333.10630792296,105945.1191788141,103361.58315109006,1.0
35.0,1,1.0,7.0,0,65063.9018795584,109813.34744542316,120064.52087041987,0.0
35.0,2,1.0,7.0,0,63482.68575122933,109274.66799366564,118189.40253677436,0.0
35.0,3,1.0,7.0,0,64709.92461747438,109784.58755141323,119683.0687336857,0.0
35.0,4,1.0,7.0,0,64976.18862444197,109675.09109989692,119884.9918133999,0.0
35.0,5,1.0,7.0,0,63634.145562894846,109677.81779652572,118564.18200965566,0.0
35.0,6,1.0,7.0,0,67660.31562720833,109825.5904639209,122658.75665104216,0.0
35.0,7,1.0,7.0,0,65402.57701452576,109784.52893756516,120340.18671359812,0.0
35.0,8,1.0,7.0,0,63966.71106216432,110077.8293994208,119084.339798042,0.0
35.0,9,1.0,7.0,0,66290.83478229474,110142.25133942996,121455.92961816902,0.0
35.0,10,1.0,7.0,0,66872.28670119576,110070.38172905294,121990.39646101008,0.0
35.0,11,1.0,7.0,0,64288.83181975693,110318.04865720416,119536.48414545484,0.0
35.0,12,1.0,7.0,0,64694.51840501482,110269.9474578932,119907.47663882216,0.0
35.0,13,1.0,7.0,0,66148.51162304137,110775.28386087876,121621.9155954567,0.0
35.0,14,1.0,7.0,0,63925.90655761553,110580.03624826577,119304.85994766728,0.0
35.0,15,1.0,7.0,0,66401.40229783005,110214.482318119,121587.98969870777,0.0
35.0,16,1.0,7.0,0,68620.88248767857,110569.19130037451,123991.4509783056,0.0
35.0,17,1.0,7.0,0,66622.18780662667,110672.19452429646,122035.20055934932,0.0
35.0,18,1.0,7.0,0,66068.39169953855,110800.84593970906,121553.41670663482,0.0
35.0,19,1.0,7.0,0,69332.88859415326,111052.66645554846,124936.10674414923,0.0
35.0,20,1.0,7.0,0,65728.34189213692,111026.40580566594,121324.3968295362,0.0
35.0,21,1.0,7.0,0,66196.18732961162,111425.7746586505,121986.29892113546,0.0
35.0,22,1.0,7.0,0,66929.8500262335,111169.53010330677,122599.780720712,0.0
35.0,23,1.0,7.0,0,68789.31458845355,111336.97436349052,124538.03537891082,0.0
35.0,24,1.0,7.0,0,66198.1256742032,111299.67374854714,121928.79946010804,0.0
36.0,1,1.0,4.0,0,28577.85647006977,59638.42327661778,58448.84435652194,0.0
36.0,2,1.0,4.0,0,25497.907043758587,59682.39003512307,55361.3261558433,0.0
36.0,3,1.0,4.0,0,28058.23915584669,59702.12611593484,57942.38951218673,0.0
36.0,4,1.0,4.0,0,27570.572572702968,59870.60657666825,57541.312187585485,0.0
36.0,5,1.0,4.0,0,25146.70727674769,59897.47521784908,55123.89337596752,0.0
36.0,6,1.0,4.0,0,28155.407689829743,60130.1707611094,58242.47305053088,0.0
36.0,7,1.0,4.0,0,25529.891477741498,59861.53820881353,55499.70085066374,0.0
36.0,8,1.0,4.0,0,27901.680538477907,60034.07927590753,57924.28537993201,0.0
36.0,9,1.0,4.0,0,27589.221889095472,60108.80037101134,57669.02592548043,0.0
36.0,10,1.0,4.0,0,27736.117021838887,59971.30839459764,57759.64766332756,0.0
36.0,11,1.0,4.0,0,27575.488458236923,60055.49049685345,57648.696947116354,0.0
36.0,12,1.0,4.0,0,26615.06698246593,60185.9757347264,56743.270470481504,0.0
36.0,13,1.0,4.0,0,28513.802216735887,60291.58425590676,58685.78287811275,0.0
36.0,14,1.0,4.0,0,28756.888441300955,60288.56497820076,58920.88270137447,0.0
36.0,15,1.0,4.0,0,29086.785432980592,60212.26160269895,59232.69617401039,0.0
36.0,16,1.0,4.0,0,29121.848567464145,60550.30496307593,59413.3160966998,0.0
36.0,17,1.0,4.0,0,28182.62373803218,60331.17374036075,58368.08053283946,0.0
36.0,18,1.0,4.0,0,28377.443743610227,60443.60034671455,58634.40600636266,0.0
36.0,19,1.0,4.0,0,28215.049109330725,60556.55479754148,58499.74403286291,0.0
36.0,20,1.0,4.0,0,27837.148158800253,60488.34217255233,58105.2767236053,0.0
36.0,21,1.0,4.0,0,27902.77159034698,60805.8607304328,58319.07129477314,0.0
36.0,22,1.0,4.0,0,28645.707210324013,60636.41269654789,58997.95619388311,0.0
36.0,23,1.0,4.0,0,29102.81040271085,60795.79821383458,59533.61589360658,0.0
36.0,24,1.0,4.0,0,27102.09701455148,60851.41594515203,57575.80648454579,0.0
37.0,1,1.0,10.0,0,81436.11236422391,152578.85245560118,157796.2047308418,1.0
37.0,2,1.0,10.0,0,83304.46269845583,151788.10703107718,159261.16571250485,1.0
37.0,3,1.0,10.0,0,85569.35829583908,152944.49768273634,162100.5536500662,1.0
37.0,4,1.0,10.0,0,84307.10241933746,153027.9138615797,160905.52736626187,1.0
37.0,5,1.0,10.0,0,79364.9687512056,152673.99671654837,155768.85783734985,1.0
37.0,6,1.0,10.0,0,76759.46362097024,153188.71377859745,153453.7185390678,1.0
37.0,7,1.0,10.0,0,80495.54494307055,153680.5750267739,157410.94595681244,1.0
37.0,8,1.0,10.0,0,80427.67371915562,153291.29044369675,157136.60338100695,1.0
37.0,9,1.0,10.0,0,82855.29207913305,152967.18708471677,159401.63290820186,1.0
37.0,10,1.0,10.0,0,81758.74742243817,153374.75082436617,158510.82181347354,1.0
37.0,11,1.0,10.0,0,81144.96452689124,153077.63760591333,157770.45975202805,1.0
37.0,12,1.0,10.0,0,81589.03093106132,153304.03189670763,158322.937265299,1.0
37.0,13,1.0,10.0,1,80264.41342118205,153643.43797111258,125751.89774182312,1.0
37.0,14,1.0,10.0,1,79016.77020689989,153290.13024977376,124620.97864945311,1.0
37.0,15,1.0,10.0,1,82559.05836971059,154268.9855336779,127845.86234391488,1.0
37.0,16,1.0,10.0,1,82381.46246426486,153867.69410988825,127527.05785772872,1.0
37.0,17,1.0,10.0,1,82890.00314969778,153821.0532438122,127924.89656515227,1.0
37.0,18,1.0,10.0,1,77308.07398582023,153654.93110352347,123394.9168026358,1.0
37.0,19,1.0,10.0,1,79918.12817903142,153372.52379948116,125356.87580844577,1.0
37.0,20,1.0,10.0,1,80194.9614990597,153459.29589944056,125610.08105824846,1.0
37.0,21,1.0,10.0,1,81822.1081685861,154144.8538020062,127208.01509524348,1.0
37.0,22,1.0,10.0,1,86482.19878793381,154221.64365805892,130963.9451118902,1.0
37.0,23,1.0,10.0,1,86629.07158026697,154068.19221164126,131006.361786221,1.0
37.0,24,1.0,10.0,1,82870.28012499282,153699.00531333082,127861.48983996431,1.0
38.0,1,1.0,12.0,0,80410.3036453573,178746.6618433588,169932.10951249138,1.0
38.0,2,1.0,12.0,0,83493.2923796837,179306.12770104787,173283.4099452173,1.0
38.0,3,1.0,12.0,0,80281.94089515231,179129.7411316348,169995.21155435353,1.0
38.0,4,1.0,12.0,0,86307.75913034155,178819.97455731622,175865.67259692782,1.0
38.0,5,1.0,12.0,0,84082.62723035575,179004.3293524702,173736.32432702355,1.0
38.0,6,1.0,12.0,0,82515.44455053522,180160.05804654016,172717.26827700651,1.0
38.0,7,1.0,12.0,0,86521.0896523917,179547.748631632,176438.68075664662,1.0
38.0,8,1.0,12.0,0,86926.90160591676,179652.5406107854,176886.77491671668,1.0
38.0,9,1.0,12.0,0,82911.86491882344,179744.12765375746,172909.720216074,1.0
38.0,10,1.0,12.0,0,84341.42833952606,180564.0410682461,174752.08959459802,1.0
38.0,11,1.0,12.0,0,84632.81570299085,180319.3212536436,174937.93075179402,1.0
38.0,12,1.0,12.0,0,85749.9994127351,180170.26182920448,175986.5966704563,1.0
38.0,13,1.0,12.0,1,81225.5581122291,180528.94365185496,137322.2695867135,1.0
38.0,14,1.0,12.0,1,83279.33254554651,180778.8564273597,139086.14917480215,1.0
38.0,15,1.0,12.0,1,85928.88921246225,181019.6044620729,141283.13646255198,1.0
38.0,16,1.0,12.0,1,83031.93708805992,181097.5649604016,139011.44487730428,1.0
38.0,17,1.0,12.0,1,80754.88666851063,180353.3391892727,136868.85434174942,1.0
38.0,18,1.0,12.0,1,84225.61935752908,181124.30289453096,139986.4965765647,1.0
38.0,19,1.0,12.0,1,84275.08394833737,181232.90282115023,140040.8986106008,1.0
38.0,20,1.0,12.0,1,84638.55550131344,180613.0540564589,140100.5041157266,1.0
38.0,21,1.0,12.0,1,82116.37877050546,181734.01003411305,138530.07811172714,1.0
38.0,22,1.0,12.0,1,82774.3732873078,181492.49291131255,138957.07033748532,1.0
38.0,23,1.0,12.0,1,86633.87586133496,182226.6477001972,142353.9237371967,1.0
38.0,24,1.0,12.0,1,84756.28704350886,181683.92796119972,140614.98748888672,1.0
39.0,1,1.0,2.0,0,20158.33187886332,31137.66922762611,35784.35618666519,0.0
39.0,2,1.0,2.0,0,19444.373495218624,31013.808802969183,35015.961112091296,0.0
39.0,3,1.0,2.0,0,19541.38382027442,31082.61107840704,35155.48387369491,0.0
39.0,4,1.0,2.0,0,20542.04518469784,31151.23807019906,36206.55879214053,0.0
39.0,5,1.0,2.0,0,20518.627931860017,31128.96116981138,36150.718376407545,0.0
39.0,6,1.0,2.0,0,19866.51391900168,31071.14208943265,35465.891934995794,0.0
39.0,7,1.0,2.0,0,19931.159997449708,31261.90485387788,35630.43190165072,0.0
39.0,8,1.0,2.0,0,19259.730311841096,31119.024149255103,34897.39328243152,0.0
39.0,9,1.0,2.0,0,20119.93385665857,31204.802994713493,35786.37522361174,0.0
39.0,10,1.0,2.0,0,19895.085833472334,31250.108189392835,35603.421167974855,0.0
39.0,11,1.0,2.0,0,19343.42304582512,31180.23402349247,35009.22683335773,0.0
39.0,12,1.0,2.0,0,20423.037153853795,31223.546889516954,36097.20378531019,0.0
39.0,13,1.0,2.0,0,20479.25238457956,31298.76113126635,36205.462092138,0.0
39.0,14,1.0,2.0,0,20796.10640462557,31401.517776840577,36577.63203136478,0.0
39.0,15,1.0,2.0,0,20914.316172150997,31412.112863400987,36702.54610752643,0.0
39.0,16,1.0,2.0,0,20251.02076717009,31353.7263525203,36011.194444302906,0.0
39.0,17,1.0,2.0,0,20786.819267571704,31316.924113820845,36519.66222205208,0.0
39.0,18,1.0,2.0,0,20362.83469592392,31300.59946393755,36092.28141820607,0.0
39.0,19,1.0,2.0,0,20562.710156830068,31470.046403888824,36363.05713066158,0.0
39.0,20,1.0,2.0,0,20476.1006770808,31406.88688386049,36243.99767561881,0.0
39.0,21,1.0,2.0,0,21073.921418217717,31438.755197017057,36881.425430005926,0.0
39.0,22,1.0,2.0,0,20052.52894419713,31420.62397311995,35850.48523240407,0.0
39.0,23,1.0,2.0,0,20052.61465975252,31577.44842552629,35901.39745766661,0.0
39.0,24,1.0,2.0,0,20071.28655808244,31498.97992408088,35895.04940922104,0.0
40.0,1,1.0,13.0,0,60816.40600714128,199584.3077221079,160760.73037977715,0.0
40.0,2,1.0,13.0,0,61807.9439726739,199096.0483136825,161512.0330214955,0.0
40.0,3,1.0,13.0,0,66240.09261326042,199552.07424990236,166156.85336020094,0.0
40.0,4,1.0,13.0,0,62565.7320313543,198947.3026240941,162201.87628382005,0.0
40.0,5,1.0,13.0,0,63911.111488498966,199430.6545236605,163761.7356463909,0.0
40.0,6,1.0,13.0,0,61682.92246853644,200198.1552173552,161932.57502312667,0.0
40.0,7,1.0,13.0,0,62818.05386156666,200644.8645173756,163296.39257189617,0.0
40.0,8,1.0,13.0,0,58191.9884315898,201219.28681364036,158971.57394260462,0.0
40.0,9,1.0,13.0,0,67606.01603958292,200511.35650676463,168010.80074337646,0.0
40.0,10,1.0,13.0,0,63527.20486545578,200711.88568568195,164053.8340393915,0.0
40.0,11,1.0,13.0,0,60423.17939343309,201085.96919794127,161102.23926003926,0.0
40.0,12,1.0,13.0,0,62496.2074299735,200784.4636526296,163050.69357489643,0.0
40.0,13,1.0,13.0,0,59581.76960778797,201668.09830718703,160561.03456376988,0.0
40.0,14,1.0,13.0,0,65255.52020400505,201729.99930681803,166267.46966984525,0.0
40.0,15,1.0,13.0,0,69212.84189681313,200682.3390625832,169715.3762067836,0.0
40.0,16,1.0,13.0,0,71597.0749619981,202140.5033597585,172808.36628316305,0.0
40.0,17,1.0,13.0,0,68222.57021651104,201025.0079173908,168884.69821538415,0.0
40.0,18,1.0,13.0,0,65505.00712369489,201626.2169196265,166467.77479840454,0.0
40.0,19,1.0,13.0,0,65888.76651432729,201671.0606428581,166879.96268331938,0.0
40.0,20,1.0,13.0,0,69574.7586693145,202168.7712120188,170803.3282509848,0.0
40.0,21,1.0,13.0,0,62841.646403174826,201766.3480343514,163880.84628068854,0.0
40.0,22,1.0,13.0,0,72022.48416977655,202100.42296420288,173228.17633195617,0.0
40.0,23,1.0,13.0,0,66160.39621483206,202897.20017333655,167763.25308472107,0.0
40.0,24,1.0,13.0,0,65775.34676262818,202414.4283873956,167153.65186532564,0.0
41.0,1,1.0,11.0,0,62256.75542486792,166763.6600317719,145747.21665946962,1.0
41.0,2,1.0,11.0,0,64908.33041166854,166693.06383691978,148359.2529182332,1.0
41.0,3,1.0,11.0,0,63675.40582419213,167103.4077739623,147336.10517312447,1.0
41.0,4,1.0,11.0,0,68510.62979491704,167446.83330584216,152330.75220010927,1.0
41.0,5,1.0,11.0,0,65114.31508843944,167360.700902078,148895.76008136067,1.0
41.0,6,1.0,11.0,0,66823.20039480978,167444.6923046728,150677.38644325858,1.0
41.0,7,1.0,11.0,0,67235.17921088202,167568.89569474742,151122.49590332466,1.0
41.0,8,1.0,11.0,0,68335.34715913692,167772.99891629416,152345.22884324956,1.0
41.0,9,1.0,11.0,0,63234.06662180726,167368.44258771944,147025.9156416383,1.0
41.0,10,1.0,11.0,0,67895.42418228945,167638.8834796511,151811.8401332584,1.0
41.0,11,1.0,11.0,0,64426.83529289184,167387.9995491706,148226.98195946525,1.0
41.0,12,1.0,11.0,0,68141.68798589698,167633.079786841,152052.71427770125,1.0
41.0,13,1.0,11.0,1,65219.63023691103,167751.9886289771,119370.12349907876,1.0
41.0,14,1.0,11.0,1,64598.54175365487,167114.43354381694,118616.88362049298,1.0
41.0,15,1.0,11.0,1,63470.75143438028,167724.41189453367,117964.4000691334,1.0
41.0,16,1.0,11.0,1,68740.42759847523,167672.1157703964,122182.98126648614,1.0
41.0,17,1.0,11.0,1,70749.54175514351,168624.20328842066,124164.60532302594,1.0
41.0,18,1.0,11.0,1,59271.69596275733,167746.61612809944,114619.68140189705,1.0
41.0,19,1.0,11.0,1,66134.18771518645,167709.30967470905,120100.34155741656,1.0
41.0,20,1.0,11.0,1,66543.08769090875,167899.05555611922,120500.62328355778,1.0
41.0,21,1.0,11.0,1,63357.45130861182,168146.27702934772,118053.39792594164,1.0
41.0,22,1.0,11.0,1,68541.8989506335,168504.07761877315,122344.37816892752,1.0
41.0,23,1.0,11.0,1,69577.63032972584,168293.1747037945,123098.25348507531,1.0
41.0,24,1.0,11.0,1,64195.85479276511,168060.11379023557,118702.28512896354,1.0
42.0,1,1.0,9.0,0,72302.17996912565,133159.68257577997,138891.1328440471,0.0
42.0,2,1.0,9.0,0,72516.24693932149,132844.6222301059,138944.73821735554,0.0
42.0,3,1.0,9.0,0,69742.84317383482,133314.6400763321,136392.22543643822,0.0
42.0,4,1.0,9.0,0,68959.55261529765,133594.7683873891,135764.9277165149,0.0
42.0,5,1.0,9.0,0,75685.33117207799,133394.19068639478,142393.4349428717,0.0
42.0,6,1.0,9.0,0,73626.62979942163,133884.7640583399,140558.81899969414,0.0
42.0,7,1.0,9.0,0,69980.67721925919,132759.16512746565,136368.78075826718,0.0
42.0,8,1.0,9.0,0,75461.72908965836,134018.59350939386,142459.9775465219,0.0
42.0,9,1.0,9.0,0,72494.87538398633,133532.01236934404,139268.86475312526,0.0
42.0,10,1.0,9.0,0,72285.5451914321,133725.69941537283,139132.34946031045,0.0
42.0,11,1.0,9.0,0,74792.52533412835,134147.9933419736,141872.0559023072,0.0
42.0,12,1.0,9.0,0,70136.02667563611,134019.0339633575,137145.2807603858,0.0
42.0,13,1.0,9.0,0,71116.40869344155,134090.38151843188,138154.9885820567,0.0
42.0,14,1.0,9.0,0,71060.36183038216,134575.847877199,138353.57099426552,0.0
42.0,15,1.0,9.0,0,73279.40138646092,134291.95630220475,140432.44545842247,0.0
42.0,16,1.0,9.0,0,75333.49141200384,134803.51169141644,142740.2467493369,0.0
42.0,17,1.0,9.0,0,74644.69230372868,134492.24983412938,141886.52116715867,0.0
42.0,18,1.0,9.0,0,72667.83271809286,134682.0543513259,140020.83963598625,0.0
42.0,19,1.0,9.0,0,73125.42910980755,134450.00915503406,140350.30853263676,0.0
42.0,20,1.0,9.0,0,75075.40761163805,134633.2915605572,142370.91197780188,0.0
42.0,21,1.0,9.0,0,69454.6246295448,134409.44234650367,136660.30257446144,0.0
42.0,22,1.0,9.0,0,75774.90301551776,134891.0317324257,143209.3148191661,0.0
42.0,23,1.0,9.0,0,73747.95585583268,134962.08677760826,141232.8595665036,0.0
42.0,24,1.0,9.0,0,74080.40086627062,134997.98318566702,141575.26261359153,0.0
43.0,1,1.0,11.0,0,67608.16078844467,171234.048582035,153245.79916873507,1.0
43.0,2,1.0,11.0,0,67992.23842868181,170393.2992452012,153222.87065292808,1.0
43.0,3,1.0,11.0,0,70510.32132724187,170624.05684492394,155844.13506419558,1.0
43.0,4,1.0,11.0,0,66370.85512134204,170744.00342184017,151748.46487293148,1.0
43.0,5,1.0,11.0,0,68951.1342929011,171260.84936512852,154602.67967618667,1.0
43.0,6,1.0,11.0,0,67445.01095795585,171132.2033819409,153036.45024395693,1.0
43.0,7,1.0,11.0,0,68438.72020342042,170891.44671693983,153924.6505974441,1.0
43.0,8,1.0,11.0,0,64117.342443426925,171287.9834163588,149776.59631210868,1.0
43.0,9,1.0,11.0,0,69080.53023024155,171798.0289653533,155015.59041094774,1.0
43.0,10,1.0,11.0,0,67708.97866338953,171020.13977475575,153245.28869283892,1.0
43.0,11,1.0,11.0,0,65200.46655461024,172077.05955689985,151265.65395271435,1.0
43.0,12,1.0,11.0,0,68987.46681567932,171261.74822905034,154647.89920376835,1.0
43.0,13,1.0,11.0,1,65454.32711856207,170869.6093901146,150918.94796945126,1.0
43.0,14,1.0,11.0,1,69872.68922580028,171487.96598454544,155643.92523680016,1.0
43.0,15,1.0,11.0,1,70810.73097396371,171884.8637053039,156752.59116452708,1.0
43.0,16,1.0,11.0,1,70523.85397836057,171693.7109979786,156400.45775537775,1.0
43.0,17,1.0,11.0,1,73832.26868532652,172295.46560836074,160011.345462924,1.0
43.0,18,1.0,11.0,1,67737.35932989532,171839.80832140098,153665.78348278877,1.0
43.0,19,1.0,11.0,1,72885.15718934611,171861.51190075767,158833.05633850122,1.0
43.0,20,1.0,11.0,1,66774.83428460812,172027.55778895933,152823.09968282838,1.0
43.0,21,1.0,11.0,1,70280.60642213716,172173.48700901808,156383.51875729693,1.0
43.0,22,1.0,11.0,1,71533.42896893072,172543.42758267038,157832.51312388212,1.0
43.0,23,1.0,11.0,1,70059.16412594222,172363.65931389533,156255.6620771265,1.0
43.0,24,1.0,11.0,1,71893.13527013494,172338.4215402471,158103.05212704305,1.0
44.0,1,1.0,1.0,0,6729.896970791004,14741.287893996949,14295.64261421706,0.0
44.0,2,1.0,1.0,0,6715.585187842902,14718.748105937975,14282.220127197625,0.0
44.0,3,1.0,1.0,0,6441.882037323915,14742.117499063655,14007.055051391502,0.0
44.0,4,1.0,1.0,0,6347.774722682633,14738.80750603398,13910.104838067757,0.0
44.0,5,1.0,1.0,0,6461.043322101305,14793.973212027597,14059.987805167557,0.0
44.0,6,1.0,1.0,0,6347.1748489121455,14735.693876638645,13913.652461108575,0.0
44.0,7,1.0,1.0,0,6670.166247662348,14781.37413030841,14258.476868004844,0.0
44.0,8,1.0,1.0,0,6807.380252240463,14772.937301667358,14371.80237146662,0.0
44.0,9,1.0,1.0,0,6760.575529229475,14794.170576161552,14334.060537285752,0.0
44.0,10,1.0,1.0,0,6857.022214511292,14833.797246932296,14484.858634977409,0.0
44.0,11,1.0,1.0,0,7015.24862588912,14812.456969787274,14607.975850472298,0.0
44.0,12,1.0,1.0,0,6801.720253119086,14756.809988297302,14388.933799824135,0.0
44.0,13,1.0,1.0,0,6717.1949146763545,14787.6305833668,14316.906739925422,0.0
44.0,14,1.0,1.0,0,6848.705150716378,14824.902949110396,14452.017122372488,0.0
44.0,15,1.0,1.0,0,6865.098101122291,14835.363877441234,14470.923532756178,0.0
44.0,16,1.0,1.0,0,6749.811970819226,14800.834166370954,14341.800657239855,0.0
44.0,17,1.0,1.0,0,7065.161695372839,14857.642939407937,14681.891396797317,0.0
44.0,18,1.0,1.0,0,6713.442626460693,14831.030445912756,14319.631359763702,0.0
44.0,19,1.0,1.0,0,6767.815364997872,14863.470826170847,14403.668656956686,0.0
44.0,20,1.0,1.0,0,6728.134815156607,14896.484353513304,14375.371371590029,0.0
44.0,21,1.0,1.0,0,6901.877419117124,14859.34104275894,14532.999887340256,0.0
44.0,22,1.0,1.0,0,6925.662416162912,14894.109228226273,14564.8205662744,0.0
44.0,23,1.0,1.0,0,7210.768564392936,14871.138840069008,14845.560733551169,0.0
44.0,24,1.0,1.0,0,6922.697743419775,14896.880458380654,14559.06395874951,0.0
45.0,1,1.0,20.0,0,188142.2170669737,299681.37815904507,337999.1559013231,0.0
45.0,2,1.0,20.0,0,184811.83964179404,299431.1990963409,334537.5387236027,0.0
45.0,3,1.0,20.0,0,191414.23986371903,300462.5869722616,341627.5433271352,0.0
45.0,4,1.0,20.0,0,196726.43882554065,299863.786781514,346659.8747303078,0.0
45.0,5,1.0,20.0,0,187122.28541449,300472.13243728416,337365.0315672829,0.0
45.0,6,1.0,20.0,0,178315.9261617214,300470.46422710497,328559.64628874,0.0
45.0,7,1.0,20.0,0,182455.4040645725,300355.91786470526,332614.1962091417,0.0
45.0,8,1.0,20.0,0,180439.06147666,301594.08598163986,331246.10384788027,0.0
45.0,9,1.0,20.0,0,181782.12088932903,302345.9150597769,332979.73854112305,0.0
45.0,10,1.0,20.0,0,182531.68322354343,300588.63586940605,332814.8400445556,0.0
45.0,11,1.0,20.0,0,183000.02227614657,301555.9879660679,333786.3047127035,0.0
45.0,12,1.0,20.0,0,192572.205796977,301805.3553139656,343479.3520176916,0.0
45.0,13,1.0,20.0,0,190275.3057170061,302159.0126214924,341364.1552913298,0.0
45.0,14,1.0,20.0,0,188972.77372884564,301929.8683403624,339943.4925237719,0.0
45.0,15,1.0,20.0,0,187743.0864489273,301557.88849754265,338539.8240442943,0.0
45.0,16,1.0,20.0,0,186280.54584166937,302414.8448027156,337489.42398317216,0.0
45.0,17,1.0,20.0,0,183845.21964426545,302675.1148532566,335184.5495834599,0.0
45.0,18,1.0,20.0,0,186956.1620420434,302351.3891941389,338133.97521289584,0.0
45.0,19,1.0,20.0,0,191775.7083666036,303306.8635526056,343428.87970819126,0.0
45.0,20,1.0,20.0,0,194814.96103780088,303769.6761434875,346711.7163981192,0.0
45.0,21,1.0,20.0,0,196114.6618757598,303842.90624391905,348022.71503113303,0.0
45.0,22,1.0,20.0,0,195911.09486097604,303787.46905533184,347805.30117813015,0.0
45.0,23,1.0,20.0,0,194464.276821154,304143.1337904209,346550.65509191586,0.0
45.0,24,1.0,20.0,0,190924.7341023151,303482.1481825468,342671.48587668606,0.0
46.0,1,1.0,14.0,0,116368.35453359068,210264.2900484088,221594.2212363816,0.0
46.0,2,1.0,14.0,0,118927.3557576942,210652.5927395427,224347.0295343198,0.0
46.0,3,1.0,14.0,0,118181.62795434218,211019.10292354063,223780.7692079313,0.0
46.0,4,1.0,14.0,0,115766.58248503828,210427.32665176,221068.60990744544,0.0
46.0,5,1.0,14.0,0,114241.61049390824,211287.80015405625,219992.77173389425,0.0
46.0,6,1.0,14.0,0,114231.9995798098,211896.88612864623,220264.59853309236,0.0
46.0,7,1.0,14.0,0,112156.40504586788,211379.7278787242,217938.5954119421,0.0
46.0,8,1.0,14.0,0,112492.7105865977,212440.18639079583,218810.5360612988,0.0
46.0,9,1.0,14.0,0,115531.09092081383,212739.99315474255,221992.74653596533,0.0
46.0,10,1.0,14.0,0,120206.27266744131,213009.99120219075,226793.2478571806,0.0
46.0,11,1.0,14.0,0,119842.3922567286,212530.95426321644,226194.92969169005,0.0
46.0,12,1.0,14.0,0,117504.05301144476,212616.91405765916,223898.7122470304,0.0
46.0,13,1.0,14.0,0,122517.71948823164,212746.0190962244,229003.4256309053,0.0
46.0,14,1.0,14.0,0,123511.3117864361,213264.37423634948,230241.64601768425,0.0
46.0,15,1.0,14.0,0,117684.54294182612,213052.78574678383,224309.53958013043,0.0
46.0,16,1.0,14.0,0,116118.53285067112,212844.0626293055,222648.7238898968,0.0
46.0,17,1.0,14.0,0,123155.2026032082,213472.0508992728,229975.234188966,0.0
46.0,18,1.0,14.0,0,119171.24105274324,213314.4774506844,225931.5491130188,0.0
46.0,19,1.0,14.0,0,117332.57372691654,214395.0779671284,224632.8850845989,0.0
46.0,20,1.0,14.0,0,115705.6550863362,214387.10005890435,223000.6281541172,0.0
46.0,21,1.0,14.0,0,122347.80210926896,214301.49132481773,229600.3633689986,0.0
46.0,22,1.0,14.0,0,122018.2799753508,213752.5670089703,228991.51824503863,0.0
46.0,23,1.0,14.0,0,120933.7778382878,214148.50550706155,228115.8990184948,0.0
46.0,24,1.0,14.0,0,124982.44387256888,213206.6605377081,231687.35484031463,0.0
47.0,1,1.0,2.0,0,14468.024270000104,30319.675454653792,29768.045744444866,0.0
47.0,2,1.0,2.0,0,14518.87124851692,30300.83927188717,29812.584820241285,0.0
47.0,3,1.0,2.0,0,14993.731796208564,30265.33864646223,30251.55881359985,0.0
47.0,4,1.0,2.0,0,14188.24893347623,30329.735116746924,29498.037134842423,0.0
47.0,5,1.0,2.0,0,13999.961704104728,30469.264924324438,29376.22925623681,0.0
47.0,6,1.0,2.0,0,15012.02572552454,30454.45898297801,30372.527345835213,0.0
47.0,7,1.0,2.0,0,14588.4254940122,30438.00179244727,29939.43810141756,0.0
47.0,8,1.0,2.0,0,14945.56312653376,30589.1919256631,30363.853185957112,0.0
47.0,9,1.0,2.0,0,14951.366587668135,30498.328784156776,30345.294053686892,0.0
47.0,10,1.0,2.0,0,15037.7184899104,30520.09982708596,30432.29564596425,0.0
47.0,11,1.0,2.0,0,14948.326445498253,30537.639232113288,30338.62080454852,0.0
47.0,12,1.0,2.0,0,15370.856323597156,30615.609429792286,30824.55310466053,0.0
47.0,13,1.0,2.0,0,15038.908844388676,30621.595357588223,30489.13172559059,0.0
47.0,14,1.0,2.0,0,14347.185269123662,30771.459060885973,29869.647323510795,0.0
47.0,15,1.0,2.0,0,15334.48639164802,30605.319158073034,30799.993974695528,0.0
47.0,16,1.0,2.0,0,14435.305451909397,30605.37343733921,29865.45517267814,0.0
47.0,17,1.0,2.0,0,14480.072039599949,30612.55874953692,29929.765579774456,0.0
47.0,18,1.0,2.0,0,15040.94737944106,30683.59303336572,30506.307849792636,0.0
47.0,19,1.0,2.0,0,14841.58878214012,30845.46973300491,30403.89285579497,0.0
47.0,20,1.0,2.0,0,15793.86646435126,30880.329717910685,31348.76305862796,0.0
47.0,21,1.0,2.0,0,15379.608733708536,30842.15858277946,30943.494106826656,0.0
47.0,22,1.0,2.0,0,15396.664906859143,30854.94358274604,30950.58319122812,0.0
47.0,23,1.0,2.0,0,15698.478914910856,30940.84460789109,31284.42352739246,0.0
47.0,24,1.0,2.0,0,15170.793076280585,30845.11605504474,30717.35753479047,0.0
48.0,1,1.0,3.0,0,22208.600868172827,46522.82967509514,45629.6797887441,1.0
48.0,2,1.0,3.0,0,23157.6387291476,46205.95294836981,46438.28735414082,1.0
48.0,3,1.0,3.0,0,23369.518963376835,46336.878537744495,46713.061356206,1.0
48.0,4,1.0,3.0,0,22962.55725733766,46490.88771746258,46372.20447249572,1.0
48.0,5,1.0,3.0,0,23099.904068800217,46442.3631021426,46494.27034534387,1.0
48.0,6,1.0,3.0,0,22855.86526408055,46584.582979314655,46309.29795216079,1.0
48.0,7,1.0,3.0,0,22835.687144456617,46681.152399751554,46345.10830745559,1.0
48.0,8,1.0,3.0,0,22725.58399870596,46732.14377262914,46253.530230344026,1.0
48.0,9,1.0,3.0,0,22791.74031887976,46838.53385701949,46372.13763733007,1.0
48.0,10,1.0,3.0,0,22625.67939301429,46882.45480426846,46237.56066413613,1.0
48.0,11,1.0,3.0,0,23366.5875851127,46866.94720879049,46978.72505459994,1.0
48.0,12,1.0,3.0,0,22440.5420562306,47132.19165744481,46185.63891262301,1.0
48.0,13,1.0,3.0,1,22472.726115848192,47015.65276228826,36953.67473746722,1.0
48.0,14,1.0,3.0,1,22347.99985955717,47021.24645863495,36856.704120228,1.0
48.0,15,1.0,3.0,1,23879.91360265557,46802.77855406676,37995.70514433755,1.0
48.0,16,1.0,3.0,1,22120.41527347809,47039.58094032024,36697.83007367298,1.0
48.0,17,1.0,3.0,1,21818.047944860155,46892.54810762418,36374.520902133445,1.0
48.0,18,1.0,3.0,1,22728.360639871,47239.95346628263,37240.105631021645,1.0
48.0,19,1.0,3.0,1,21826.09793962613,47203.76286569489,36506.09603279548,1.0
48.0,20,1.0,3.0,1,23474.493685413905,47128.88221360207,37803.096176364925,1.0
48.0,21,1.0,3.0,1,22156.5146121016,47441.75270955363,36877.39446336855,1.0
48.0,22,1.0,3.0,1,22213.86946118893,47369.99228016585,36891.538947892856,1.0
48.0,23,1.0,3.0,1,23404.599709232625,47559.40125020166,37915.77280055561,1.0
48.0,24,1.0,3.0,1,22698.08091303922,47301.34479687307,37255.46105222809,1.0
49.0,1,1.0,3.0,0,24030.277920932836,45223.5004071454,46777.78087171484,1.0
49.0,2,1.0,3.0,0,23045.58628469459,45047.38034325203,45695.92072974375,1.0
49.0,3,1.0,3.0,0,23029.077846154018,45377.92344118694,45845.22536642596,1.0
49.0,4,1.0,3.0,0,23307.95358464896,45049.55876532843,45953.78604030749,1.0
49.0,5,1.0,3.0,0,22065.434978663467,45238.795119785726,44804.70128232811,1.0
49.0,6,1.0,3.0,0,23635.671818896262,45364.20790463401,46438.53813012062,1.0
49.0,7,1.0,3.0,0,23155.4625685858,45494.17441456023,46023.58399297454,1.0
49.0,8,1.0,3.0,0,22935.17401185625,45418.767415535294,45766.94911415976,1.0
49.0,9,1.0,3.0,0,24742.304973733608,45540.60448363778,47658.01577672231,1.0
49.0,10,1.0,3.0,0,22875.840736270213,45442.19698367471,45727.53525071245,1.0
49.0,11,1.0,3.0,0,22093.09536118275,45665.96512724418,45060.7708287288,1.0
49.0,12,1.0,3.0,0,23705.814838962757,45540.10200561951,46603.5762539216,1.0
49.0,13,1.0,3.0,1,23274.771701660957,45503.28895538156,46153.52162699669,1.0
49.0,14,1.0,3.0,1,24439.544087892365,45567.07714165166,47376.96504027482,1.0
49.0,15,1.0,3.0,1,23280.795780711826,45636.646838910274,46231.296377104176,1.0
49.0,16,1.0,3.0,1,23805.60573985456,45713.97826386719,46780.19117449352,1.0
49.0,17,1.0,3.0,1,23984.223598024502,45728.36306208217,46985.188008526864,1.0
49.0,18,1.0,3.0,1,23549.643402652768,45851.78446164612,46619.15477748426,1.0
49.0,19,1.0,3.0,1,23519.268053444728,45865.2314936101,46582.91991008987,1.0
49.0,20,1.0,3.0,1,23060.658803466347,45797.9261564546,46091.09006483164,1.0
49.0,21,1.0,3.0,1,23798.18502735739,45885.13009832191,46869.388316108605,1.0
49.0,22,1.0,3.0,1,23275.6131014159,46144.1247854673,46472.03935414839,1.0
49.0,23,1.0,3.0,1,25192.1115510774,46026.61926133371,48331.267987766645,1.0
49.0,24,1.0,3.0,1,23839.182573857976,45931.54939703504,46941.962611391245,1.0
50.0,1,1.0,6.0,0,42509.25653697945,90632.13413973726,87889.21438005648,0.0
50.0,2,1.0,6.0,0,43919.13928749594,90681.52072964252,89332.62171003198,0.0
50.0,3,1.0,6.0,0,41677.84374962543,90754.89792545812,87122.07106291497,0.0
50.0,4,1.0,6.0,0,41085.23987932811,90729.8060554332,86517.40672232461,0.0
50.0,5,1.0,6.0,0,44307.29528127178,91023.88761902347,89897.35194832041,0.0
50.0,6,1.0,6.0,0,43225.62489065863,90861.08248497709,88737.60473606421,0.0
50.0,7,1.0,6.0,0,43315.89922035224,91156.5537742788,88961.62191206314,0.0
50.0,8,1.0,6.0,0,42355.312413449086,91061.25885889084,87952.94580549966,0.0
50.0,9,1.0,6.0,0,42055.99613078753,91414.7293418636,87836.35196555004,0.0
50.0,10,1.0,6.0,0,42436.55448583374,91092.3296767042,88062.62809902144,0.0
50.0,11,1.0,6.0,0,43133.00775982761,91341.5611487278,88875.02515635922,0.0
50.0,12,1.0,6.0,0,41791.15707605719,91104.9686803972,87405.46628475407,0.0
50.0,13,1.0,6.0,0,46638.56223402474,91241.16057409336,92331.24561373016,0.0
50.0,14,1.0,6.0,0,44992.99201386179,91540.13624233646,90834.91038819772,0.0
50.0,15,1.0,6.0,0,43263.70070664657,91284.23105419242,88974.25945245297,0.0
50.0,16,1.0,6.0,0,42892.47341753129,91441.836145149,88668.01580614108,0.0
50.0,17,1.0,6.0,0,44473.50668954903,91605.0176202616,90351.13436318187,0.0
50.0,18,1.0,6.0,0,44158.81747468988,91687.06526854956,90087.83120985448,0.0
50.0,19,1.0,6.0,0,44256.05095841576,91493.33506034578,90083.93159939894,0.0
50.0,20,1.0,6.0,0,46763.51230769233,91505.662925015,92579.3731353592,0.0
50.0,21,1.0,6.0,0,44364.997685460745,91574.71090263515,90218.69059202532,0.0
50.0,22,1.0,6.0,0,44531.04810145318,92293.02565732387,90742.775326083,0.0
50.0,23,1.0,6.0,0,44561.1541021701,91798.92479407202,90536.06756353364,0.0
50.0,24,1.0,6.0,0,45378.84846364106,91933.408251718,91408.8244751614,0.0
